date,bund_yield
2023-01-03,2.3
2023-01-04,2.1429
2023-01-05,2.1421
2023-01-06,2.0881
2023-01-09,2.0591
2023-01-10,2.1115
2023-01-11,1.9132
2023-01-12,1.8202
2023-01-13,1.847
2023-01-16,1.859
2023-01-17,1.8454
2023-01-18,1.8164
2023-01-19,1.884
2023-01-20,2.0
2023-01-23,2.0008
2023-01-24,1.8655
2023-01-25,1.9093
2023-01-26,2.0085
2023-01-27,2.0792
2023-01-30,2.1422
2023-01-31,2.0493
2023-02-01,1.9797
2023-02-02,1.606
2023-02-03,1.651
2023-02-06,1.8091
2023-02-07,1.8936
2023-02-08,1.9765
2023-02-09,1.9661
2023-02-10,2.0412
2023-02-13,2.0567
2023-02-14,2.1561
2023-02-15,2.121
2023-02-16,2.0995
2023-02-17,2.0835
2023-02-20,2.1046
2023-02-21,2.3223
2023-02-22,2.3001
2023-02-23,2.2304
2023-02-24,2.2695
2023-02-27,2.3458
2023-02-28,2.4907
2023-03-01,2.3794
2023-03-02,2.4387
2023-03-03,2.4193
2023-03-06,2.4046
2023-03-07,2.3099
2023-03-08,2.2509
2023-03-09,2.2875
2023-03-10,2.2004
2023-03-13,2.0133
2023-03-14,2.1945
2023-03-15,1.9549
2023-03-16,2.0582
2023-03-17,1.9335
2023-03-20,1.9273
2023-03-21,1.9439
2023-03-22,2.0243
2023-03-23,1.8454
2023-03-24,1.8388
2023-03-27,1.9454
2023-03-28,2.02
2023-03-29,2.0175
2023-03-30,2.0661
2023-03-31,2.0379
2023-04-03,1.9658
2023-04-04,2.0229
2023-04-05,1.9303
2023-04-06,1.8987
2023-04-11,2.0428
2023-04-12,2.0722
2023-04-13,2.0406
2023-04-14,2.0838
2023-04-17,2.144
2023-04-18,2.1478
2023-04-19,2.2071
2023-04-20,2.1404
2023-04-21,2.1357
2023-04-24,2.1315
2023-04-25,2.0081
2023-04-26,1.9981
2023-04-27,2.1261
2023-04-28,2.0425
2023-05-02,1.9409
2023-05-03,1.928
2023-05-04,1.9638
2023-05-05,2.1078
2023-05-09,2.2242
2023-05-10,2.1578
2023-05-11,2.0181
2023-05-12,2.0919
2023-05-15,2.1686
2023-05-16,2.2042
2023-05-17,2.2105
2023-05-18,2.3274
2023-05-19,2.2877
2023-05-22,2.2929
2023-05-23,2.3558
2023-05-24,2.3008
2023-05-25,2.3371
2023-05-26,2.4058
2023-05-30,2.2467
2023-05-31,2.224
2023-06-01,2.23
2023-06-02,2.2248
2023-06-05,2.2506
2023-06-06,2.2716
2023-06-07,2.3866
2023-06-08,2.3618
2023-06-09,2.3683
2023-06-12,2.2651
2023-06-13,2.3693
2023-06-14,2.4165
2023-06-15,2.4531
2023-06-16,2.4526
2023-06-19,2.4937
2023-06-20,2.3471
2023-06-21,2.3142
2023-06-22,2.3893
2023-06-23,2.3068
2023-06-26,2.22
2023-06-27,2.2604
2023-06-28,2.1528
2023-06-29,2.2668
2023-06-30,2.3206
2023-07-03,2.35
2023-07-04,2.4392
2023-07-05,2.4636
2023-07-06,2.6282
2023-07-07,2.6525
2023-07-10,2.606
2023-07-11,2.6947
2023-07-12,2.5193
2023-07-13,2.4447
2023-07-14,2.4242
2023-07-17,2.3737
2023-07-18,2.2383
2023-07-19,2.1425
2023-07-20,2.2125
2023-07-21,2.2108
2023-07-24,2.1889
2023-07-25,2.2848
2023-07-26,2.3853
2023-07-27,2.3736
2023-07-28,2.3449
2023-07-31,2.3618
2023-08-01,2.3744
2023-08-02,2.3535
2023-08-03,2.3973
2023-08-04,2.3256
2023-08-07,2.3887
2023-08-08,2.2831
2023-08-09,2.2603
2023-08-10,2.25
2023-08-11,2.3885
2023-08-14,2.4462
2023-08-15,2.5409
2023-08-16,2.5537
2023-08-17,2.6473
2023-08-18,2.553
2023-08-21,2.6159
2023-08-22,2.5987
2023-08-23,2.4142
2023-08-24,2.3676
2023-08-25,2.3998
2023-08-29,2.3084
2023-08-30,2.3495
2023-08-31,2.32
2023-09-01,2.3918
2023-09-04,2.4609
2023-09-05,2.5321
2023-09-06,2.5211
2023-09-07,2.4536
2023-09-08,2.4221
2023-09-11,2.487
2023-09-12,2.4621
2023-09-13,2.4896
2023-09-14,2.4134
2023-09-15,2.4796
2023-09-18,2.5142
2023-09-19,2.5278
2023-09-20,2.4426
2023-09-21,2.4605
2023-09-22,2.4146
2023-09-25,2.4978
2023-09-26,2.4916
2023-09-27,2.5884
2023-09-28,2.7269
2023-09-29,2.5737
2023-10-02,2.6516
2023-10-03,2.6929
2023-10-04,2.6898
2023-10-05,2.6515
2023-10-06,2.6715
2023-10-09,2.5756
2023-10-10,2.5448
2023-10-11,2.4981
2023-10-12,2.5586
2023-10-13,2.5062
2023-10-16,2.5413
2023-10-17,2.602
2023-10-18,2.6731
2023-10-19,2.5879
2023-10-20,2.5367
2023-10-23,2.5165
2023-10-24,2.4941
2023-10-25,2.53
2023-10-26,2.5173
2023-10-27,2.4462
2023-10-30,2.3925
2023-10-31,2.4142
2023-11-01,2.3798
2023-11-02,2.2786
2023-11-03,2.2566
2023-11-06,2.3763
2023-11-07,2.2703
2023-11-08,2.181
2023-11-09,2.199
2023-11-10,2.2213
2023-11-13,2.2617
2023-11-14,2.1618
2023-11-15,2.1464
2023-11-16,2.0531
2023-11-17,2.0316
2023-11-20,2.0544
2023-11-21,2.0548
2023-11-22,2.0613
2023-11-23,2.1554
2023-11-24,2.2186
2023-11-27,2.1216
2023-11-28,2.0763
2023-11-29,2.0152
2023-11-30,2.0949
2023-12-01,2.0539
2023-12-04,2.0501
2023-12-05,1.9379
2023-12-06,1.9008
2023-12-07,1.8634
2023-12-08,1.9694
2023-12-11,1.9779
2023-12-12,1.8882
2023-12-13,1.785
2023-12-14,1.691
2023-12-15,1.6157
2023-12-18,1.619
2023-12-19,1.5803
2023-12-20,1.4574
2023-12-21,1.3812
2023-12-22,1.4033
2023-12-27,1.3066
2023-12-28,1.3583
2023-12-29,1.4184
2024-01-02,1.516
2024-01-03,1.5383
2024-01-04,1.6303
2024-01-05,1.7219
2024-01-08,1.6985
2024-01-09,1.768
2024-01-10,1.7612
2024-01-11,1.7415
2024-01-12,1.6831
2024-01-15,1.7433
2024-01-16,1.7706
2024-01-17,1.8911
2024-01-18,1.9178
2024-01-19,1.8616
2024-01-22,1.8608
2024-01-23,1.9329
2024-01-24,1.9354
2024-01-25,1.8881
2024-01-26,1.8817
2024-01-29,1.8333
2024-01-30,1.8333
2024-01-31,1.7741
2024-02-01,1.745
2024-02-02,1.8489
2024-02-05,1.8857
2024-02-06,1.898
2024-02-07,1.9295
2024-02-08,1.9725
2024-02-09,1.9926
2024-02-12,1.9746
2024-02-13,2.055
2024-02-14,1.9204
2024-02-15,1.9072
2024-02-16,1.9417
2024-02-19,1.9545
2024-02-20,1.9105
2024-02-21,1.9709
2024-02-22,1.9667
2024-02-23,1.9094
2024-02-26,1.9588
2024-02-27,1.9895
2024-02-28,1.9758
2024-02-29,1.9254
2024-03-01,1.9275
2024-03-04,1.9236
2024-03-05,1.8504
2024-03-06,1.8063
2024-03-07,1.7696
2024-03-08,1.7927
2024-03-11,1.8037
2024-03-12,1.791
2024-03-13,1.7944
2024-03-14,1.8881
2024-03-15,1.8838
2024-03-18,1.8983
2024-03-19,1.914
2024-03-20,1.9064
2024-03-21,1.8038
2024-03-22,1.7354
2024-03-25,1.8073
2024-03-26,1.7756
2024-03-27,1.7276
2024-03-28,1.7847
2024-04-02,1.8715
2024-04-03,1.8546
2024-04-04,1.7884
2024-04-05,1.823
2024-04-08,1.8509
2024-04-09,1.795
2024-04-10,1.8625
2024-04-11,1.9406
2024-04-12,1.8233
2024-04-15,1.9252
2024-04-16,1.9729
2024-04-17,1.955
2024-04-18,1.9524
2024-04-19,1.9084
2024-04-22,1.8024
2024-04-23,1.8557
2024-04-24,1.9625
2024-04-25,2.0223
2024-04-26,1.9691
2024-04-29,1.9648
2024-04-30,2.0208
2024-05-01,2.017
2024-05-02,1.9453
2024-05-03,1.8719
2024-05-07,1.7654
2024-05-08,1.7797
2024-05-09,1.8121
2024-05-10,1.8396
2024-05-13,1.8481
2024-05-14,1.8739
2024-05-15,1.7652
2024-05-16,1.7902
2024-05-17,1.8894
2024-05-20,1.9122
2024-05-21,1.9165
2024-05-22,1.9774
2024-05-23,2.0411
2024-05-24,2.0276
2024-05-28,2.0346
2024-05-29,2.1439
2024-05-30,2.1114
2024-05-31,2.0658
2024-06-03,2.0135
2024-06-04,1.977
2024-06-05,1.9258
2024-06-06,1.9871
2024-06-07,2.0822
2024-06-10,2.2639
2024-06-11,2.2475
2024-06-12,2.1166
2024-06-13,2.1385
2024-06-14,2.0525
2024-06-17,2.0743
2024-06-18,2.0119
2024-06-19,2.0758
2024-06-20,2.0557
2024-06-21,2.0348
2024-06-24,2.04
2024-06-25,2.0417
2024-06-26,2.0687
2024-06-27,2.0888
2024-06-28,2.1028
2024-07-01,2.1545
2024-07-02,2.1659
2024-07-03,2.1061
2024-07-04,2.1236
2024-07-05,2.0806
2024-07-08,2.061
2024-07-09,2.0998
2024-07-10,2.0823
2024-07-11,2.0325
2024-07-12,2.0791
2024-07-15,2.0315
2024-07-16,1.9988
2024-07-17,1.984
2024-07-18,1.9645
2024-07-19,1.9896
2024-07-22,2.0053
2024-07-23,2.0127
2024-07-24,2.0318
2024-07-25,1.9512
2024-07-26,1.9201
2024-07-29,1.9144
2024-07-30,1.8941
2024-07-31,1.8338
2024-08-01,1.7716
2024-08-02,1.575
2024-08-05,1.5038
2024-08-06,1.467
2024-08-07,1.5556
2024-08-08,1.5875
2024-08-09,1.5782
2024-08-12,1.5597
2024-08-13,1.5307
2024-08-14,1.4534
2024-08-15,1.6066
2024-08-16,1.6299
2024-08-19,1.6189
2024-08-20,1.5559
2024-08-21,1.5555
2024-08-22,1.6476
2024-08-23,1.6493
2024-08-27,1.7726
2024-08-28,1.7636
2024-08-29,1.8008
2024-08-30,1.8102
2024-09-02,1.8398
2024-09-03,1.7667
2024-09-04,1.7001
2024-09-05,1.692
2024-09-06,1.6232
2024-09-09,1.624
2024-09-10,1.5978
2024-09-11,1.5176
2024-09-12,1.5944
2024-09-13,1.5788
2024-09-16,1.5687
2024-09-17,1.5691
2024-09-18,1.6609
2024-09-19,1.6944
2024-09-20,1.7258
2024-09-23,1.7689
2024-09-24,1.7278
2024-09-25,1.7615
2024-09-26,1.7649
2024-09-27,1.7303
2024-09-30,1.7533
2024-10-01,1.6325
2024-10-02,1.7028
2024-10-03,1.6113
2024-10-04,1.7372
2024-10-07,1.7411
2024-10-08,1.747
2024-10-09,1.7735
2024-10-10,1.7662
2024-10-11,1.762
2024-10-14,1.7914
2024-10-15,1.7653
2024-10-16,1.6649
2024-10-17,1.7277
2024-10-18,1.6995
2024-10-21,1.7901
2024-10-22,1.8496
2024-10-23,1.8312
2024-10-24,1.7642
2024-10-25,1.8069
2024-10-28,1.794
2024-10-29,1.8964
2024-10-30,1.8783
2024-10-31,1.7671
2024-11-01,1.8654
2024-11-04,1.8099
2024-11-05,1.8635
2024-11-06,1.947
2024-11-07,2.034
2024-11-08,1.9538
2024-11-11,1.9525
2024-11-12,1.9114
2024-11-13,1.9425
2024-11-14,1.8708
2024-11-15,1.8188
2024-11-18,1.8327
2024-11-19,1.8153
2024-11-20,1.8788
2024-11-21,1.8543
2024-11-22,1.8247
2024-11-25,1.6975
2024-11-26,1.7131
2024-11-27,1.7001
2024-11-28,1.6492
2024-11-29,1.6324
2024-12-02,1.6273
2024-12-03,1.6209
2024-12-04,1.6466
2024-12-05,1.6444
2024-12-06,1.6371
2024-12-09,1.6642
2024-12-10,1.7167
2024-12-11,1.7517
2024-12-12,1.7577
2024-12-13,1.7434
2024-12-16,1.8127
2024-12-17,1.8275
2024-12-18,1.8275
2024-12-19,1.8963
2024-12-20,1.8425
2024-12-23,1.8486
2024-12-24,1.8599
2024-12-27,1.9363
2024-12-30,1.8941
2024-12-31,1.8801
2025-01-02,1.9147
2025-01-03,1.9585
2025-01-06,1.9576
2025-01-07,1.9981
2025-01-08,1.9707
2025-01-09,1.9342
2025-01-10,1.9562
2025-01-13,1.9817
2025-01-14,1.935
2025-01-15,1.8586
2025-01-16,1.8215
2025-01-17,1.7645
2025-01-20,1.7415
2025-01-21,1.7198
2025-01-22,1.7129
2025-01-23,1.7673
2025-01-24,1.8133
2025-01-27,1.7776
2025-01-28,1.8557
2025-01-29,1.8728
2025-01-30,1.8404
2025-01-31,1.7851
2025-02-03,1.8129
2025-02-04,1.7876
2025-02-05,1.7394
2025-02-06,1.7204
2025-02-07,1.7394
2025-02-10,1.7355
2025-02-11,1.7974
2025-02-12,1.8126
2025-02-13,1.7678
2025-02-14,1.779
2025-02-17,1.8528
2025-02-18,1.882
2025-02-19,1.9783
2025-02-20,1.9457
2025-02-21,1.9026
2025-02-24,1.8829
2025-02-25,1.8484
2025-02-26,1.8457
2025-02-27,1.8802
2025-02-28,1.8273
2025-03-03,1.9179
2025-03-04,1.8806
2025-03-05,2.0184
2025-03-06,2.0581
2025-03-07,2.0262
2025-03-10,1.9944
2025-03-11,1.9887
2025-03-12,2.0169
2025-03-13,2.0275
2025-03-14,1.9912
2025-03-17,1.9194
2025-03-18,1.9466
2025-03-19,1.9562
2025-03-20,1.983
2025-03-21,1.9588
2025-03-24,1.9711
2025-03-25,2.0129
2025-03-26,1.9736
2025-03-27,2.0018
2025-03-28,1.9083
2025-03-31,1.9188
2025-04-01,1.8789
2025-04-02,1.8933
2025-04-03,1.7156
2025-04-04,1.5605
2025-04-07,1.4874
2025-04-08,1.5384
2025-04-09,1.3618
2025-04-10,1.3732
2025-04-11,1.2699
2025-04-14,1.2799
2025-04-15,1.452
2025-04-16,1.3443
2025-04-17,1.3094
2025-04-22,1.3044
2025-04-23,1.3371
2025-04-24,1.3022
2025-04-25,1.3387
2025-04-28,1.427
2025-04-29,1.4092
2025-04-30,1.3686
2025-05-01,1.4386
2025-05-02,1.3933
2025-05-06,1.4591
2025-05-07,1.3755
2025-05-08,1.4485
2025-05-09,1.4862
2025-05-12,1.6571
2025-05-13,1.6847
2025-05-14,1.6761
2025-05-15,1.618
2025-05-16,1.6171
2025-05-19,1.5675
2025-05-20,1.5771
2025-05-21,1.5957
2025-05-22,1.6414
2025-05-23,1.5982
2025-05-27,1.5656
2025-05-28,1.5682
2025-05-29,1.4737
2025-05-30,1.4642
2025-06-02,1.4556
2025-06-03,1.4715
2025-06-04,1.4771
2025-06-05,1.5439
2025-06-06,1.5127
2025-06-09,1.5123
2025-06-10,1.428
2025-06-11,1.3907
2025-06-12,1.2841
2025-06-13,1.3669
2025-06-16,1.3233
2025-06-17,1.3178
2025-06-18,1.2531
2025-06-19,1.3171
2025-06-20,1.2805
2025-06-23,1.2618
2025-06-24,1.305
2025-06-25,1.3186
2025-06-26,1.3331
2025-06-27,1.3195
2025-06-30,1.265
2025-07-01,1.217
2025-07-02,1.1743
2025-07-03,1.1836
2025-07-04,1.141
2025-07-07,1.2255
2025-07-08,1.231
2025-07-09,1.2361
2025-07-10,1.2742
2025-07-11,1.2198
2025-07-14,1.1704
2025-07-15,1.1927
2025-07-16,1.1463
2025-07-17,1.1896
2025-07-18,1.1715
2025-07-21,1.0766
2025-07-22,1.0202
2025-07-23,1.0827
2025-07-24,1.1053
2025-07-25,1.0742
2025-07-28,1.1349
2025-07-29,1.1668
2025-07-30,1.1955
2025-07-31,1.1719
2025-08-01,1.0572
2025-08-04,1.0067
2025-08-05,0.9954
2025-08-06,0.9879
2025-08-07,1.0628
2025-08-08,1.1075
2025-08-11,1.149
2025-08-12,1.1995
2025-08-13,1.148
2025-08-14,1.2204
2025-08-15,1.2546
2025-08-18,1.2521
2025-08-19,1.2144
2025-08-20,1.1594
2025-08-21,1.2074
2025-08-22,1.1474
2025-08-26,1.1912
2025-08-27,1.2426
2025-08-28,1.1956
2025-08-29,1.1859
2025-09-01,1.2391
2025-09-02,1.1747
2025-09-03,1.1561
2025-09-04,1.1616
2025-09-05,1.0778
2025-09-08,1.0585
2025-09-09,1.0886
2025-09-10,1.0958
2025-09-11,1.0928
2025-09-12,1.1528
2025-09-15,1.1195
2025-09-16,1.083
2025-09-17,1.0738
2025-09-18,1.0667
2025-09-19,1.075
2025-09-22,1.0625
2025-09-23,1.0599
2025-09-24,1.0558
2025-09-25,1.0558
2025-09-26,1.0641
2025-09-29,1.0102
2025-09-30,1.0206
2025-10-01,1.0485
2025-10-02,1.0097
2025-10-03,1.0171
2025-10-06,1.093
2025-10-07,1.0888
2025-10-08,1.0679
2025-10-09,1.0524
2025-10-10,0.9655
2025-10-13,0.9946
2025-10-14,0.9001
2025-10-15,0.8951
2025-10-16,0.8885
2025-10-17,0.8716
2025-10-20,0.9029
2025-10-21,0.9038
2025-10-22,0.8827
2025-10-23,0.8604
2025-10-27,0.8728
2025-10-28,0.7944
2025-10-29,0.7321
2025-10-30,0.7676
2025-10-31,0.7852
2025-11-03,0.8249
2025-11-04,0.7518
2025-11-05,0.7828
2025-11-06,0.7689
2025-11-07,0.7898
2025-11-10,0.8013
2025-11-11,0.7553
2025-11-12,0.6899
2025-11-13,0.7376
2025-11-14,0.7596
2025-11-17,0.7932
2025-11-18,0.7853
2025-11-19,0.7637
2025-11-20,0.7927
2025-11-21,0.811
2025-11-24,0.7919
2025-11-25,0.786
2025-11-26,0.796
2025-11-27,0.8176
2025-11-28,0.8118
2025-12-01,0.8268
2025-12-02,0.8185
2025-12-03,0.8955
2025-12-04,0.9354
2025-12-05,0.9547
2025-12-08,1.0271
2025-12-09,0.9873
2025-12-10,0.9957
2025-12-11,0.9561
2025-12-12,0.9199
2025-12-15,0.9014
2025-12-16,0.9198
2025-12-17,0.9328
2025-12-18,0.924
2025-12-19,0.9669
2025-12-22,1.0065
2025-12-23,0.9667
2025-12-24,0.984
2025-12-29,0.952
2025-12-30,0.9713
2025-12-31,0.9456
2026-01-02,1.0474
2026-01-05,1.0804
2026-01-06,1.0562
2026-01-07,0.9973
2026-01-08,1.0019
2026-01-09,0.9948
2026-01-12,0.9876
2026-01-13,1.0049
2026-01-14,0.9719
2026-01-15,0.9593
2026-01-16,0.9955
2026-01-19,0.974
2026-01-20,0.9314
2026-01-21,0.9457
2026-01-22,0.9482
2026-01-23,1.0088
2026-01-26,0.9551
2026-01-27,0.916
2026-01-28,0.9487
2026-01-29,0.9336
2026-01-30,0.9521
2026-02-02,0.9946
2026-02-03,1.0461
2026-02-04,0.9952
2026-02-05,0.8842
2026-02-06,0.919
2026-02-09,0.8703
2026-02-10,0.8234
2026-02-11,0.8292
2026-02-12,0.7925
2026-02-13,0.7792
2026-02-16,0.7933
2026-02-17,0.7027
2026-02-18,0.7341
2026-02-19,0.6918
2026-02-20,0.7067
2026-02-23,0.6711
2026-02-24,0.7029
2026-02-25,0.6868
2026-02-26,0.6603
2026-02-27,0.5433
2026-03-02,0.6749
2026-03-03,0.8316
2026-03-04,0.7786
2026-03-05,0.9174
2026-03-09,1.0203
2026-03-10,0.9509
2026-03-11,1.1029
2026-03-12,1.1633
2026-03-13,1.1599
2026-03-16,1.1257
2026-03-17,1.0694
2026-03-18,1.1166
2026-03-19,1.1686
2026-03-20,1.2075
2026-03-23,1.2195
2026-03-24,1.2148
2026-03-25,1.1452
2026-03-26,1.2755
2026-03-27,1.2901
2026-03-30,1.1978
2026-03-31,1.0735
2026-04-01,1.0578
2026-04-02,1.0425
2026-04-07,1.1247
2026-04-08,0.9844
2026-04-09,1.0106
2026-04-10,1.066
2026-04-13,1.1212
2026-04-14,1.0594
2026-04-15,1.0708
2026-04-16,1.0509
2026-04-17,0.9397
2026-04-20,0.97
2026-04-21,1.0269
2026-04-22,1.0507
2026-04-23,1.0714
2026-04-24,1.0719
2026-04-27,1.1173
2026-04-28,1.1327
2026-04-29,1.1762
2026-04-30,1.1608
2026-05-01,1.1484
2026-05-05,1.1924
2026-05-06,1.072
2026-05-07,1.0707
2026-05-08,1.0749
2026-05-11,1.1234
2026-05-12,1.114
2026-05-13,1.1506
2026-05-14,1.0848
2026-05-15,1.0959
2026-05-18,1.1572
2026-05-19,1.2337
2026-05-20,1.143
2026-05-21,1.16
2026-05-22,1.104
2026-05-26,1.0288
2026-05-27,0.9927
2026-05-28,0.9515
2026-05-29,0.9319
2026-06-01,1.0535
2026-06-02,1.0242
2026-06-03,1.0857
2026-06-04,1.0576
2026-06-05,1.1059
2026-06-08,1.1033
2026-06-09,1.1257
2026-06-10,1.1508
2026-06-11,1.0806
2026-06-12,1.0573
2026-06-15,0.9922
2026-06-16,0.958
2026-06-17,0.9263
2026-06-18,0.9016
2026-06-19,0.9603
2026-06-22,0.9903
2026-06-23,0.9714
2026-06-24,0.9243
2026-06-25,0.9324
2026-06-26,0.9004
2026-06-29,0.9226
2026-06-30,0.9456
2026-07-01,1.014
2026-07-02,1.0573
2026-07-03,1.072
2026-07-06,1.1069
2026-07-07,1.1635
2026-07-08,1.2955
2026-07-09,1.239
2026-07-10,1.2398
2026-07-13,1.2809
2026-07-14,1.2471
2026-07-15,1.3703
2026-07-16,1.3849
2026-07-17,1.3496
2026-07-20,1.3676
2026-07-21,1.3407
2026-07-22,1.3592
2026-07-23,1.3781
2026-07-24,1.3407
2026-07-27,1.2624
2026-07-28,1.2112
2026-07-29,1.2678
2026-07-30,1.2674
2026-07-31,1.3269
2026-08-03,1.2333
2026-08-04,1.1919
2026-08-05,1.1697
2026-08-06,1.2018
2026-08-07,1.2014
2026-08-10,1.295
2026-08-11,1.2779
2026-08-12,1.2744
2026-08-13,1.2451
2026-08-14,1.308
2026-08-17,1.329
2026-08-18,1.3677
2026-08-19,1.3373
