date,BGCR,pct1,pct25,pct75,pct99,vol_bn
2023-01-03,4.27,4.13,4.26,4.3,4.45,430
2023-01-04,4.27,4.2,4.26,4.3,4.45,416
2023-01-05,4.27,4.22,4.27,4.3,4.45,432
2023-01-06,4.27,4.2,4.27,4.3,4.45,424
2023-01-09,4.27,4.22,4.26,4.3,4.45,437
2023-01-10,4.27,4.21,4.26,4.3,4.45,437
2023-01-11,4.27,4.21,4.26,4.3,4.45,448
2023-01-12,4.27,4.21,4.26,4.3,4.45,447
2023-01-13,4.27,4.22,4.26,4.3,4.45,445
2023-01-17,4.28,4.13,4.27,4.3,4.45,449
2023-01-18,4.27,4.2,4.26,4.3,4.45,449
2023-01-19,4.27,4.22,4.27,4.3,4.37,453
2023-01-20,4.26,4.2,4.26,4.3,4.32,462
2023-01-23,4.26,4.2,4.25,4.3,4.31,448
2023-01-24,4.27,4.22,4.26,4.3,4.33,464
2023-01-25,4.27,4.22,4.26,4.3,4.33,467
2023-01-26,4.27,4.22,4.26,4.3,4.32,473
2023-01-27,4.27,4.21,4.26,4.3,4.32,472
2023-01-30,4.27,4.15,4.26,4.3,4.33,473
2023-01-31,4.28,3.75,4.27,4.3,4.35,482
2023-02-01,4.27,4.22,4.26,4.3,4.34,487
2023-02-02,4.52,4.32,4.51,4.55,4.6,489
2023-02-03,4.52,4.46,4.51,4.55,4.59,470
2023-02-06,4.52,4.4,4.51,4.55,4.59,473
2023-02-07,4.52,4.46,4.51,4.55,4.59,474
2023-02-08,4.52,4.46,4.51,4.55,4.59,480
2023-02-09,4.52,4.47,4.51,4.55,4.6,481
2023-02-10,4.52,4.35,4.51,4.55,4.59,468
2023-02-13,4.52,4.46,4.51,4.55,4.59,467
2023-02-14,4.52,4.46,4.51,4.55,4.59,466
2023-02-15,4.53,4.45,4.52,4.55,4.59,470
2023-02-16,4.53,4.45,4.52,4.55,4.59,463
2023-02-17,4.52,4.45,4.51,4.55,4.58,461
2023-02-21,4.52,4.4,4.51,4.55,4.57,475
2023-02-22,4.52,4.45,4.51,4.55,4.56,457
2023-02-23,4.51,4.35,4.5,4.55,4.56,457
2023-02-24,4.51,4.45,4.5,4.55,4.57,456
2023-02-27,4.51,2.75,4.51,4.55,4.57,473
2023-02-28,4.52,4.0,4.51,4.55,4.59,462
2023-03-01,4.52,4.3,4.51,4.55,4.58,462
2023-03-02,4.52,4.46,4.51,4.55,4.58,463
2023-03-03,4.51,4.45,4.51,4.55,4.57,458
2023-03-06,4.51,4.45,4.5,4.55,4.56,460
2023-03-07,4.51,4.45,4.5,4.55,4.57,474
2023-03-08,4.51,4.45,4.5,4.55,4.57,466
2023-03-09,4.51,4.45,4.5,4.55,4.57,469
2023-03-10,4.51,4.45,4.5,4.55,4.58,466
2023-03-13,4.52,4.34,4.51,4.55,4.58,467
2023-03-14,4.53,2.75,4.52,4.55,4.64,491
2023-03-15,4.55,4.35,4.54,4.56,4.61,484
2023-03-16,4.55,4.45,4.53,4.55,4.62,503
2023-03-17,4.53,4.3,4.52,4.55,4.6,500
2023-03-20,4.52,4.4,4.51,4.55,4.59,506
2023-03-21,4.52,4.45,4.51,4.55,4.59,515
2023-03-22,4.52,4.48,4.51,4.55,4.59,512
2023-03-23,4.77,4.56,4.76,4.8,4.85,526
2023-03-24,4.78,4.72,4.77,4.8,4.86,513
2023-03-27,4.79,4.73,4.77,4.8,4.88,521
2023-03-28,4.8,4.59,4.8,4.8,4.9,515
2023-03-29,4.79,4.73,4.78,4.8,4.85,506
2023-03-30,4.79,4.7,4.78,4.8,4.89,505
2023-03-31,4.8,2.75,4.8,4.8,4.91,479
2023-04-03,4.8,4.74,4.79,4.8,4.92,509
2023-04-04,4.8,4.74,4.79,4.8,4.9,520
2023-04-05,4.79,4.73,4.78,4.8,4.89,524
2023-04-06,4.79,4.73,4.77,4.8,4.87,538
2023-04-10,4.78,2.75,4.77,4.8,4.86,540
2023-04-11,4.78,4.73,4.77,4.8,4.84,528
2023-04-12,4.77,4.72,4.75,4.8,4.81,527
2023-04-13,4.77,4.72,4.75,4.8,4.85,529
2023-04-14,4.77,4.73,4.76,4.8,4.85,524
2023-04-17,4.77,4.71,4.76,4.8,4.85,527
2023-04-18,4.77,4.72,4.77,4.8,4.85,527
2023-04-19,4.76,4.72,4.76,4.8,4.83,517
2023-04-20,4.76,4.72,4.75,4.8,4.82,527
2023-04-21,4.76,4.7,4.75,4.8,4.83,530
2023-04-24,4.77,4.72,4.76,4.8,4.84,533
2023-04-25,4.77,4.72,4.76,4.8,4.85,547
2023-04-26,4.77,4.72,4.76,4.8,4.85,547
2023-04-27,4.78,4.72,4.77,4.8,4.86,545
2023-04-28,4.79,4.72,4.78,4.8,4.86,541
2023-05-01,4.78,3.0,4.78,4.8,4.87,565
2023-05-02,4.78,4.7,4.78,4.8,4.87,565
2023-05-03,4.79,4.73,4.78,4.8,4.88,581
2023-05-04,5.03,4.82,5.03,5.05,5.12,575
2023-05-05,5.03,4.97,5.03,5.05,5.14,569
2023-05-08,5.03,4.8,5.03,5.05,5.13,578
2023-05-09,5.03,4.95,5.03,5.05,5.12,574
2023-05-10,5.02,4.95,5.02,5.05,5.11,579
2023-05-11,5.02,4.96,5.01,5.05,5.1,585
2023-05-12,5.02,4.95,5.01,5.05,5.1,581
2023-05-15,5.02,4.95,5.01,5.05,5.11,584
2023-05-16,5.02,4.97,5.01,5.05,5.11,588
2023-05-17,5.02,4.94,5.01,5.05,5.1,576
2023-05-18,5.02,4.95,5.01,5.05,5.1,586
2023-05-19,5.02,4.93,5.0,5.05,5.09,578
2023-05-22,5.02,4.94,5.0,5.05,5.09,580
2023-05-23,5.02,4.96,5.0,5.05,5.1,585
2023-05-24,5.03,4.96,5.01,5.05,5.11,587
2023-05-25,5.05,4.84,5.05,5.05,5.16,602
2023-05-26,5.05,4.96,5.04,5.05,5.14,588
2023-05-30,5.05,4.8,5.04,5.05,5.14,604
2023-05-31,5.05,4.97,5.05,5.05,5.18,596
2023-06-01,5.05,4.98,5.05,5.06,5.2,610
2023-06-02,5.05,4.95,5.04,5.05,5.15,609
2023-06-05,5.05,4.95,5.04,5.05,5.13,605
2023-06-06,5.03,4.95,5.02,5.05,5.11,604
2023-06-07,5.04,4.96,5.02,5.05,5.1,606
2023-06-08,5.03,4.96,5.02,5.05,5.09,597
2023-06-09,5.03,4.96,5.02,5.05,5.11,600
2023-06-12,5.03,4.93,5.01,5.05,5.09,606
2023-06-13,5.03,4.95,5.02,5.05,5.1,620
2023-06-14,5.03,4.97,5.02,5.05,5.09,634
2023-06-15,5.04,4.95,5.03,5.05,5.14,630
2023-06-16,5.04,4.95,5.02,5.05,5.11,619
2023-06-20,5.03,4.9,5.02,5.05,5.1,625
2023-06-21,5.03,4.94,5.02,5.05,5.1,610
2023-06-22,5.03,4.97,5.02,5.05,5.11,607
2023-06-23,5.03,4.97,5.02,5.05,5.11,605
2023-06-26,5.03,4.97,5.03,5.05,5.12,610
2023-06-27,5.04,4.98,5.03,5.05,5.13,594
2023-06-28,5.04,4.95,5.04,5.05,5.14,588
2023-06-29,5.05,5.0,5.05,5.05,5.14,588
2023-06-30,5.05,3.0,5.05,5.06,5.15,556
2023-07-03,5.05,4.99,5.04,5.05,5.15,575
2023-07-05,5.05,4.99,5.03,5.05,5.13,582
2023-07-06,5.04,4.99,5.04,5.05,5.14,583
2023-07-07,5.04,5.0,5.03,5.05,5.14,590
2023-07-10,5.04,4.97,5.03,5.05,5.13,597
2023-07-11,5.04,4.99,5.02,5.05,5.11,590
2023-07-12,5.04,4.99,5.02,5.05,5.1,585
2023-07-13,5.04,4.99,5.01,5.05,5.11,607
2023-07-14,5.03,4.99,5.02,5.05,5.11,598
2023-07-17,5.03,4.99,5.02,5.05,5.11,591
2023-07-18,5.04,5.0,5.02,5.05,5.12,600
2023-07-19,5.03,5.0,5.02,5.05,5.12,589
2023-07-20,5.03,4.99,5.02,5.05,5.11,589
2023-07-21,5.03,5.0,5.02,5.05,5.1,590
2023-07-24,5.03,4.98,5.02,5.05,5.11,589
2023-07-25,5.03,4.99,5.03,5.05,5.12,595
2023-07-26,5.04,5.0,5.03,5.05,5.11,589
2023-07-27,5.28,5.07,5.28,5.3,5.37,591
2023-07-28,5.28,5.23,5.28,5.3,5.36,597
2023-07-31,5.29,5.25,5.28,5.3,5.36,583
2023-08-01,5.28,5.25,5.27,5.3,5.36,589
2023-08-02,5.28,5.24,5.27,5.3,5.34,582
2023-08-03,5.28,5.23,5.27,5.3,5.34,579
2023-08-04,5.28,5.23,5.26,5.3,5.32,580
2023-08-07,5.28,5.23,5.26,5.3,5.31,576
2023-08-08,5.28,5.22,5.26,5.3,5.33,572
2023-08-09,5.27,5.23,5.26,5.3,5.32,561
2023-08-10,5.28,5.22,5.27,5.3,5.34,566
2023-08-11,5.28,5.22,5.27,5.3,5.34,561
2023-08-14,5.28,5.23,5.27,5.3,5.34,564
2023-08-15,5.29,5.23,5.27,5.3,5.36,558
2023-08-16,5.28,5.23,5.27,5.3,5.35,550
2023-08-17,5.28,5.23,5.26,5.3,5.35,564
2023-08-18,5.27,5.22,5.26,5.3,5.31,549
2023-08-21,5.27,5.2,5.26,5.3,5.31,549
2023-08-22,5.27,5.22,5.26,5.3,5.32,550
2023-08-23,5.27,5.22,5.26,5.3,5.33,542
2023-08-24,5.28,5.23,5.27,5.3,5.34,561
2023-08-25,5.28,5.23,5.27,5.3,5.35,550
2023-08-28,5.29,5.23,5.28,5.3,5.36,558
2023-08-29,5.29,5.23,5.28,5.3,5.36,542
2023-08-30,5.29,5.24,5.28,5.3,5.35,549
2023-08-31,5.3,5.24,5.28,5.3,5.36,557
2023-09-01,5.3,5.24,5.28,5.3,5.36,559
2023-09-05,5.29,5.23,5.28,5.3,5.36,553
2023-09-06,5.3,5.24,5.28,5.3,5.35,552
2023-09-07,5.3,5.25,5.28,5.3,5.35,574
2023-09-08,5.3,5.24,5.28,5.3,5.36,572
2023-09-11,5.3,5.24,5.28,5.3,5.36,572
2023-09-12,5.3,5.24,5.28,5.3,5.36,573
2023-09-13,5.3,5.25,5.28,5.3,5.36,570
2023-09-14,5.3,5.23,5.28,5.3,5.36,575
2023-09-15,5.3,5.24,5.29,5.3,5.37,584
2023-09-18,5.3,5.25,5.29,5.3,5.37,574
2023-09-19,5.3,5.25,5.28,5.3,5.36,567
2023-09-20,5.3,5.25,5.28,5.3,5.36,568
2023-09-21,5.3,5.23,5.28,5.3,5.35,577
2023-09-22,5.3,5.25,5.28,5.3,5.36,579
2023-09-25,5.3,5.24,5.29,5.3,5.37,579
2023-09-26,5.3,5.25,5.3,5.31,5.39,568
2023-09-27,5.3,5.25,5.3,5.31,5.38,554
2023-09-28,5.3,5.24,5.29,5.3,5.37,538
2023-09-29,5.3,3.0,5.29,5.3,5.38,510
2023-10-02,5.3,5.25,5.29,5.3,5.4,537
2023-10-03,5.3,5.25,5.3,5.31,5.4,539
2023-10-04,5.3,5.25,5.3,5.3,5.4,555
2023-10-05,5.3,5.25,5.29,5.3,5.38,573
2023-10-06,5.3,5.26,5.29,5.3,5.38,565
2023-10-10,5.3,5.25,5.29,5.3,5.4,561
2023-10-11,5.3,5.26,5.29,5.3,5.38,567
2023-10-12,5.3,5.25,5.29,5.3,5.39,579
2023-10-13,5.3,5.25,5.29,5.3,5.38,573
2023-10-16,5.3,5.23,5.29,5.3,5.39,576
2023-10-17,5.3,5.24,5.29,5.3,5.37,568
2023-10-18,5.3,5.24,5.28,5.3,5.33,571
2023-10-19,5.3,5.24,5.27,5.3,5.33,569
2023-10-20,5.3,5.24,5.27,5.3,5.33,560
2023-10-23,5.3,5.22,5.27,5.3,5.32,554
2023-10-24,5.3,5.24,5.27,5.3,5.33,565
2023-10-25,5.3,5.25,5.28,5.3,5.35,564
2023-10-26,5.3,5.25,5.29,5.3,5.36,566
2023-10-27,5.3,5.25,5.29,5.3,5.36,564
2023-10-30,5.3,5.24,5.29,5.3,5.36,566
2023-10-31,5.3,5.25,5.29,5.31,5.39,585
2023-11-01,5.3,5.25,5.3,5.31,5.4,576
2023-11-02,5.3,5.25,5.3,5.31,5.4,580
2023-11-03,5.3,5.25,5.3,5.31,5.39,589
2023-11-06,5.3,5.25,5.3,5.31,5.39,583
2023-11-07,5.3,5.25,5.29,5.31,5.39,590
2023-11-08,5.3,5.25,5.29,5.31,5.39,589
2023-11-09,5.3,5.25,5.29,5.31,5.39,585
2023-11-10,5.3,5.25,5.29,5.31,5.39,586
2023-11-13,5.3,5.25,5.3,5.31,5.4,596
2023-11-14,5.3,5.25,5.3,5.31,5.4,583
2023-11-15,5.3,5.25,5.3,5.31,5.4,598
2023-11-16,5.3,5.25,5.3,5.31,5.4,596
2023-11-17,5.3,5.25,5.3,5.31,5.39,588
2023-11-20,5.3,5.25,5.29,5.3,5.37,588
2023-11-21,5.3,5.25,5.29,5.3,5.36,584
2023-11-22,5.3,5.25,5.29,5.3,5.35,572
2023-11-24,5.3,5.25,5.3,5.31,5.39,588
2023-11-27,5.3,5.25,5.3,5.31,5.4,594
2023-11-28,5.3,5.25,5.3,5.31,5.41,594
2023-11-29,5.3,5.26,5.3,5.31,5.4,600
2023-11-30,5.31,5.25,5.3,5.31,5.44,602
2023-12-01,5.31,5.26,5.31,5.32,5.44,607
2023-12-04,5.31,5.25,5.31,5.32,5.44,618
2023-12-05,5.31,5.25,5.31,5.31,5.42,623
2023-12-06,5.31,5.25,5.3,5.31,5.4,609
2023-12-07,5.3,5.25,5.3,5.31,5.38,615
2023-12-08,5.3,5.25,5.3,5.31,5.37,617
2023-12-11,5.3,5.25,5.3,5.31,5.38,614
2023-12-12,5.3,5.25,5.29,5.3,5.37,617
2023-12-13,5.3,5.2,5.29,5.3,5.36,611
2023-12-14,5.3,5.25,5.28,5.3,5.35,627
2023-12-15,5.3,5.25,5.3,5.31,5.39,642
2023-12-18,5.3,5.25,5.3,5.31,5.38,629
2023-12-19,5.3,5.25,5.29,5.31,5.36,632
2023-12-20,5.3,5.23,5.29,5.31,5.35,632
2023-12-21,5.3,5.25,5.29,5.31,5.36,632
2023-12-22,5.3,5.26,5.3,5.31,5.4,631
2023-12-26,5.31,5.26,5.3,5.32,5.45,638
2023-12-27,5.33,5.28,5.32,5.33,5.5,636
2023-12-28,5.35,5.28,5.34,5.36,5.55,619
2023-12-29,5.33,5.25,5.33,5.34,5.5,611
2024-01-02,5.33,5.28,5.33,5.34,5.51,664
2024-01-03,5.33,5.26,5.33,5.33,5.47,672
2024-01-04,5.31,5.26,5.31,5.32,5.4,681
2024-01-05,5.3,5.25,5.3,5.31,5.37,692
2024-01-08,5.3,5.25,5.3,5.31,5.36,672
2024-01-09,5.3,5.25,5.3,5.31,5.38,677
2024-01-10,5.3,5.25,5.3,5.31,5.37,677
2024-01-11,5.3,5.26,5.3,5.31,5.36,681
2024-01-12,5.3,5.25,5.3,5.31,5.36,665
2024-01-16,5.3,5.25,5.3,5.31,5.4,695
2024-01-17,5.3,5.26,5.3,5.31,5.37,671
2024-01-18,5.3,5.25,5.29,5.3,5.34,671
2024-01-19,5.3,5.25,5.29,5.3,5.33,674
2024-01-22,5.3,5.25,5.29,5.3,5.33,659
2024-01-23,5.3,5.24,5.29,5.3,5.34,668
2024-01-24,5.3,5.23,5.3,5.31,5.36,668
2024-01-25,5.31,5.24,5.31,5.31,5.38,667
2024-01-26,5.31,5.24,5.31,5.31,5.36,676
2024-01-29,5.3,5.25,5.3,5.31,5.36,671
2024-01-30,5.3,5.25,5.3,5.31,5.36,675
2024-01-31,5.31,5.26,5.31,5.31,5.39,691
2024-02-01,5.31,5.27,5.31,5.31,5.38,703
2024-02-02,5.31,5.25,5.31,5.31,5.38,689
2024-02-05,5.3,5.24,5.3,5.31,5.36,688
2024-02-06,5.3,5.25,5.3,5.31,5.36,682
2024-02-07,5.3,5.24,5.3,5.3,5.36,688
2024-02-08,5.3,5.25,5.3,5.3,5.36,679
2024-02-09,5.3,5.25,5.3,5.3,5.36,671
2024-02-12,5.3,5.25,5.3,5.3,5.35,683
2024-02-13,5.3,5.25,5.3,5.3,5.34,682
2024-02-14,5.3,5.25,5.29,5.3,5.34,671
2024-02-15,5.3,5.25,5.29,5.3,5.33,681
2024-02-16,5.3,5.24,5.29,5.3,5.33,681
2024-02-20,5.3,5.23,5.29,5.3,5.33,673
2024-02-21,5.3,5.25,5.29,5.3,5.32,669
2024-02-22,5.3,5.25,5.29,5.3,5.33,665
2024-02-23,5.3,5.25,5.3,5.31,5.35,681
2024-02-26,5.3,5.25,5.3,5.31,5.36,670
2024-02-27,5.3,5.25,5.3,5.31,5.36,664
2024-02-28,5.3,5.25,5.3,5.31,5.35,670
2024-02-29,5.31,5.26,5.3,5.31,5.36,683
2024-03-01,5.31,5.26,5.3,5.31,5.38,684
2024-03-04,5.3,5.25,5.3,5.31,5.35,692
2024-03-05,5.3,5.25,5.3,5.31,5.34,680
2024-03-06,5.3,5.25,5.29,5.3,5.33,681
2024-03-07,5.3,5.25,5.3,5.3,5.34,695
2024-03-08,5.3,5.25,5.3,5.3,5.35,691
2024-03-11,5.3,5.25,5.3,5.3,5.35,689
2024-03-12,5.3,5.25,5.3,5.31,5.36,684
2024-03-13,5.3,5.25,5.3,5.31,5.35,693
2024-03-14,5.3,5.25,5.3,5.31,5.34,688
2024-03-15,5.3,5.25,5.3,5.31,5.36,694
2024-03-18,5.3,5.25,5.3,5.31,5.34,699
2024-03-19,5.3,5.0,5.3,5.3,5.33,698
2024-03-20,5.3,5.25,5.3,5.3,5.33,685
2024-03-21,5.3,5.25,5.3,5.31,5.34,684
2024-03-22,5.31,5.24,5.3,5.31,5.36,679
2024-03-25,5.31,5.25,5.31,5.31,5.37,671
2024-03-26,5.31,5.25,5.31,5.32,5.39,664
2024-03-27,5.33,5.25,5.32,5.33,5.41,656
2024-03-28,5.32,5.27,5.32,5.33,5.41,622
2024-04-01,5.33,5.25,5.33,5.34,5.46,674
2024-04-02,5.33,5.26,5.33,5.33,5.44,684
2024-04-03,5.31,5.26,5.31,5.31,5.38,695
2024-04-04,5.31,5.27,5.31,5.31,5.37,710
2024-04-05,5.31,5.27,5.31,5.31,5.37,705
2024-04-08,5.31,5.25,5.3,5.31,5.37,700
2024-04-09,5.31,5.26,5.3,5.31,5.35,714
2024-04-10,5.3,5.25,5.3,5.31,5.35,707
2024-04-11,5.3,5.25,5.3,5.31,5.35,699
2024-04-12,5.3,5.25,5.3,5.31,5.36,701
2024-04-15,5.31,5.25,5.31,5.32,5.39,705
2024-04-16,5.31,5.26,5.3,5.31,5.36,705
2024-04-17,5.3,5.25,5.3,5.31,5.33,701
2024-04-18,5.3,5.25,5.3,5.3,5.33,702
2024-04-19,5.3,5.25,5.3,5.3,5.33,701
2024-04-22,5.3,5.25,5.3,5.3,5.33,697
2024-04-23,5.3,5.24,5.3,5.3,5.34,689
2024-04-24,5.3,5.25,5.3,5.31,5.35,673
2024-04-25,5.31,5.25,5.31,5.31,5.37,690
2024-04-26,5.31,5.25,5.31,5.31,5.37,688
2024-04-29,5.31,5.25,5.31,5.31,5.38,696
2024-04-30,5.31,5.27,5.31,5.32,5.42,718
2024-05-01,5.31,5.25,5.31,5.31,5.38,708
2024-05-02,5.31,5.25,5.3,5.31,5.37,703
2024-05-03,5.3,5.25,5.3,5.31,5.35,706
2024-05-06,5.3,5.25,5.3,5.31,5.35,712
2024-05-07,5.3,5.25,5.3,5.31,5.36,714
2024-05-08,5.3,5.25,5.3,5.31,5.36,716
2024-05-09,5.3,5.25,5.3,5.31,5.35,717
2024-05-10,5.3,5.25,5.3,5.31,5.35,722
2024-05-13,5.3,5.25,5.3,5.3,5.34,719
2024-05-14,5.3,5.25,5.3,5.31,5.35,736
2024-05-15,5.3,5.25,5.3,5.31,5.37,735
2024-05-16,5.3,5.25,5.3,5.31,5.39,753
2024-05-17,5.3,5.25,5.3,5.31,5.36,722
2024-05-20,5.3,5.25,5.3,5.31,5.35,717
2024-05-21,5.3,5.25,5.3,5.31,5.35,726
2024-05-22,5.3,5.25,5.3,5.31,5.35,725
2024-05-23,5.3,5.25,5.3,5.31,5.36,725
2024-05-24,5.31,5.26,5.31,5.31,5.37,728
2024-05-28,5.31,5.27,5.31,5.32,5.4,748
2024-05-29,5.32,5.26,5.31,5.32,5.41,736
2024-05-30,5.32,5.27,5.32,5.33,5.41,746
2024-05-31,5.33,5.28,5.32,5.33,5.43,794
2024-06-03,5.32,5.27,5.32,5.32,5.41,781
2024-06-04,5.32,5.27,5.32,5.32,5.4,787
2024-06-05,5.32,5.27,5.32,5.32,5.4,762
2024-06-06,5.32,5.27,5.32,5.32,5.41,771
2024-06-07,5.32,5.26,5.32,5.32,5.41,758
2024-06-10,5.32,5.25,5.32,5.32,5.39,751
2024-06-11,5.31,5.25,5.31,5.31,5.38,750
2024-06-12,5.31,5.25,5.3,5.31,5.37,755
2024-06-13,5.31,5.25,5.3,5.31,5.37,769
2024-06-14,5.3,5.25,5.3,5.31,5.37,785
2024-06-17,5.32,5.26,5.31,5.32,5.42,772
2024-06-18,5.32,5.25,5.32,5.32,5.41,763
2024-06-20,5.31,5.25,5.31,5.31,5.36,767
2024-06-21,5.3,5.25,5.3,5.31,5.37,760
2024-06-24,5.3,5.25,5.3,5.31,5.37,755
2024-06-25,5.32,5.27,5.32,5.33,5.42,751
2024-06-26,5.33,5.26,5.33,5.34,5.44,740
2024-06-27,5.32,5.25,5.32,5.33,5.39,732
2024-06-28,5.32,5.25,5.32,5.33,5.4,706
2024-07-01,5.33,5.25,5.33,5.34,5.46,752
2024-07-02,5.33,5.27,5.33,5.34,5.44,758
2024-07-03,5.32,5.25,5.32,5.32,5.39,756
2024-07-05,5.31,5.26,5.31,5.31,5.38,763
2024-07-08,5.31,5.26,5.31,5.31,5.38,772
2024-07-09,5.33,5.27,5.32,5.33,5.42,758
2024-07-10,5.33,5.27,5.32,5.33,5.42,767
2024-07-11,5.32,5.27,5.32,5.33,5.41,773
2024-07-12,5.32,5.27,5.32,5.33,5.41,774
2024-07-15,5.33,5.28,5.33,5.33,5.43,792
2024-07-16,5.34,5.28,5.33,5.34,5.43,790
2024-07-17,5.33,5.27,5.33,5.34,5.43,788
2024-07-18,5.32,5.27,5.32,5.33,5.42,799
2024-07-19,5.32,5.27,5.32,5.32,5.4,791
2024-07-22,5.32,5.25,5.32,5.32,5.4,792
2024-07-23,5.32,5.27,5.32,5.32,5.4,796
2024-07-24,5.33,5.27,5.33,5.33,5.4,799
2024-07-25,5.34,5.27,5.34,5.34,5.43,813
2024-07-26,5.34,5.25,5.34,5.34,5.44,806
2024-07-29,5.33,5.26,5.32,5.33,5.4,795
2024-07-30,5.32,5.27,5.32,5.32,5.4,808
2024-07-31,5.34,5.28,5.34,5.34,5.49,820
2024-08-01,5.34,5.28,5.34,5.35,5.46,825
2024-08-02,5.33,5.28,5.33,5.33,5.43,808
2024-08-05,5.32,5.25,5.31,5.32,5.38,809
2024-08-06,5.32,5.27,5.31,5.32,5.4,812
2024-08-07,5.32,5.26,5.31,5.32,5.39,809
2024-08-08,5.33,5.27,5.33,5.33,5.42,816
2024-08-09,5.33,5.27,5.33,5.33,5.41,816
2024-08-12,5.33,5.27,5.33,5.33,5.41,814
2024-08-13,5.34,5.27,5.33,5.34,5.41,808
2024-08-14,5.32,5.25,5.32,5.32,5.38,801
2024-08-15,5.32,5.27,5.32,5.33,5.41,817
2024-08-16,5.32,5.26,5.31,5.32,5.38,799
2024-08-19,5.31,5.26,5.31,5.32,5.38,798
2024-08-20,5.31,5.25,5.31,5.32,5.37,784
2024-08-21,5.3,5.25,5.3,5.31,5.35,785
2024-08-22,5.31,5.25,5.3,5.31,5.38,783
2024-08-23,5.32,5.27,5.31,5.32,5.39,779
2024-08-26,5.32,5.27,5.32,5.32,5.4,787
2024-08-27,5.34,5.28,5.34,5.35,5.45,783
2024-08-28,5.34,5.28,5.33,5.34,5.43,778
2024-08-29,5.32,5.27,5.32,5.32,5.42,777
2024-08-30,5.32,5.25,5.31,5.32,5.42,767
2024-09-03,5.33,5.28,5.33,5.33,5.49,783
2024-09-04,5.32,5.27,5.32,5.33,5.45,793
2024-09-05,5.32,5.27,5.32,5.33,5.45,803
2024-09-06,5.33,5.27,5.32,5.33,5.42,807
2024-09-09,5.32,5.25,5.32,5.33,5.41,800
2024-09-10,5.31,5.26,5.31,5.32,5.39,808
2024-09-11,5.31,5.25,5.31,5.31,5.38,805
2024-09-12,5.31,5.25,5.31,5.31,5.43,820
2024-09-13,5.32,5.26,5.31,5.32,5.43,810
2024-09-16,5.33,5.28,5.33,5.34,5.44,818
2024-09-17,5.33,5.27,5.33,5.33,5.43,803
2024-09-18,5.32,5.25,5.31,5.32,5.39,817
2024-09-19,4.81,4.76,4.81,4.81,5.34,844
2024-09-20,4.81,4.75,4.81,4.82,4.87,824
2024-09-23,4.82,4.75,4.82,4.82,4.88,811
2024-09-24,4.83,4.76,4.82,4.83,4.9,811
2024-09-25,4.83,4.76,4.82,4.83,4.91,793
2024-09-26,4.83,4.77,4.82,4.83,4.9,782
2024-09-27,4.83,4.78,4.82,4.83,4.9,787
2024-09-30,4.88,4.8,4.86,4.88,5.5,790
2024-10-01,4.92,4.8,4.9,4.92,5.25,801
2024-10-02,4.87,4.8,4.86,4.87,5.06,816
2024-10-03,4.82,4.78,4.82,4.83,4.93,821
2024-10-04,4.82,4.77,4.82,4.83,4.89,812
2024-10-07,4.82,4.77,4.82,4.82,4.89,811
2024-10-08,4.83,4.77,4.82,4.83,4.9,807
2024-10-09,4.82,4.75,4.82,4.82,4.89,808
2024-10-10,4.81,4.75,4.81,4.81,4.87,805
2024-10-11,4.81,4.76,4.81,4.81,4.86,805
2024-10-15,4.83,4.8,4.83,4.84,4.96,834
2024-10-16,4.84,4.78,4.83,4.84,4.96,822
2024-10-17,4.84,4.78,4.84,4.84,4.94,826
2024-10-18,4.82,4.77,4.82,4.83,4.9,824
2024-10-21,4.81,4.76,4.81,4.82,4.95,818
2024-10-22,4.82,4.76,4.82,4.82,4.91,811
2024-10-23,4.82,4.75,4.82,4.82,4.89,808
2024-10-24,4.83,4.65,4.82,4.83,4.9,816
2024-10-25,4.82,4.75,4.82,4.83,4.89,799
2024-10-28,4.81,4.76,4.81,4.82,4.89,791
2024-10-29,4.81,4.75,4.81,4.81,4.85,794
2024-10-30,4.81,4.75,4.8,4.81,4.85,798
2024-10-31,4.85,4.75,4.85,4.86,4.96,795
2024-11-01,4.84,4.78,4.84,4.84,4.91,788
2024-11-04,4.82,4.75,4.82,4.82,4.88,796
2024-11-05,4.81,4.75,4.81,4.82,4.85,803
2024-11-06,4.81,4.75,4.81,4.81,4.84,797
2024-11-07,4.82,4.75,4.81,4.82,4.85,807
2024-11-08,4.57,4.52,4.57,4.58,4.83,816
2024-11-12,4.58,4.5,4.58,4.59,4.65,822
2024-11-13,4.58,4.51,4.57,4.58,4.64,820
2024-11-14,4.57,4.51,4.56,4.57,4.62,827
2024-11-15,4.56,4.51,4.56,4.57,4.61,833
2024-11-18,4.56,4.5,4.56,4.56,4.61,811
2024-11-19,4.56,4.51,4.56,4.56,4.6,812
2024-11-20,4.56,4.5,4.56,4.56,4.6,790
2024-11-21,4.56,4.5,4.56,4.56,4.61,798
2024-11-22,4.56,4.48,4.56,4.57,4.62,802
2024-11-25,4.57,4.5,4.57,4.58,4.63,796
2024-11-26,4.57,4.5,4.57,4.58,4.63,804
2024-11-27,4.56,4.5,4.56,4.57,4.61,767
2024-11-29,4.58,4.5,4.58,4.58,4.65,773
2024-12-02,4.6,4.54,4.6,4.61,4.7,841
2024-12-03,4.6,4.55,4.6,4.61,4.69,832
2024-12-04,4.58,4.5,4.57,4.58,4.65,836
2024-12-05,4.57,4.52,4.57,4.58,4.65,853
2024-12-06,4.58,4.53,4.58,4.59,4.65,838
2024-12-09,4.6,4.51,4.59,4.6,4.67,845
2024-12-10,4.61,4.54,4.61,4.62,4.69,864
2024-12-11,4.6,4.52,4.59,4.6,4.68,855
2024-12-12,4.6,4.52,4.6,4.61,4.67,842
2024-12-13,4.59,4.5,4.59,4.59,4.66,844
2024-12-16,4.61,4.55,4.61,4.62,4.7,842
2024-12-17,4.59,4.52,4.59,4.59,4.7,856
2024-12-18,4.56,4.5,4.56,4.57,4.66,847
2024-12-19,4.27,4.23,4.26,4.27,4.6,864
2024-12-20,4.28,4.1,4.28,4.29,4.36,849
2024-12-23,4.29,4.2,4.29,4.3,4.38,846
2024-12-24,4.39,4.26,4.38,4.4,4.5,858
2024-12-26,4.5,4.1,4.5,4.53,4.7,867
2024-12-27,4.45,4.25,4.44,4.45,4.6,840
2024-12-30,4.35,4.25,4.35,4.36,4.47,844
2024-12-31,4.45,4.25,4.45,4.46,4.65,812
2025-01-02,4.36,4.2,4.35,4.37,4.5,853
2025-01-03,4.29,4.24,4.29,4.3,4.41,845
2025-01-06,4.26,4.23,4.26,4.27,4.32,844
2025-01-07,4.26,4.22,4.26,4.27,4.32,858
2025-01-08,4.27,4.22,4.27,4.28,4.34,818
2025-01-09,4.28,4.23,4.28,4.29,4.36,829
2025-01-10,4.29,4.24,4.29,4.29,4.35,853
2025-01-13,4.28,4.22,4.28,4.28,4.33,852
2025-01-14,4.27,4.2,4.27,4.27,4.32,840
2025-01-15,4.26,4.21,4.26,4.27,4.31,859
2025-01-16,4.27,4.24,4.27,4.28,4.34,884
2025-01-17,4.27,4.22,4.27,4.27,4.32,884
2025-01-21,4.27,4.22,4.27,4.27,4.32,894
2025-01-22,4.28,4.21,4.28,4.29,4.36,883
2025-01-23,4.34,4.26,4.33,4.34,4.41,906
2025-01-24,4.33,4.26,4.32,4.33,4.39,912
2025-01-27,4.32,4.26,4.32,4.33,4.4,899
2025-01-28,4.34,4.27,4.34,4.34,4.42,888
2025-01-29,4.33,4.25,4.32,4.33,4.4,897
2025-01-30,4.34,4.25,4.34,4.35,4.43,902
2025-01-31,4.34,4.25,4.34,4.35,4.43,918
2025-02-03,4.33,4.26,4.33,4.34,4.4,913
2025-02-04,4.31,4.26,4.31,4.32,4.38,909
2025-02-05,4.31,4.26,4.31,4.32,4.38,910
2025-02-06,4.34,4.27,4.34,4.34,4.41,913
2025-02-07,4.34,4.27,4.33,4.34,4.41,929
2025-02-10,4.33,4.25,4.33,4.34,4.4,916
2025-02-11,4.32,4.26,4.32,4.33,4.39,911
2025-02-12,4.31,4.25,4.31,4.31,4.38,922
2025-02-13,4.32,4.26,4.32,4.32,4.38,930
2025-02-14,4.31,4.26,4.31,4.31,4.38,932
2025-02-18,4.34,4.29,4.34,4.35,4.43,936
2025-02-19,4.33,4.26,4.33,4.34,4.39,928
2025-02-20,4.31,4.26,4.31,4.31,4.39,934
2025-02-21,4.32,4.26,4.31,4.32,4.38,922
2025-02-24,4.32,4.26,4.32,4.32,4.38,936
2025-02-25,4.31,4.26,4.31,4.31,4.38,943
2025-02-26,4.31,4.26,4.31,4.32,4.38,945
2025-02-27,4.34,4.25,4.34,4.34,4.42,954
2025-02-28,4.36,4.27,4.36,4.36,4.44,969
2025-03-03,4.31,4.26,4.31,4.31,4.4,949
2025-03-04,4.32,4.26,4.31,4.32,4.38,947
2025-03-05,4.33,4.27,4.32,4.33,4.39,962
2025-03-06,4.34,4.26,4.34,4.34,4.4,975
2025-03-07,4.33,4.26,4.33,4.33,4.38,959
2025-03-10,4.32,4.26,4.32,4.32,4.38,960
2025-03-11,4.31,4.26,4.31,4.31,4.37,971
2025-03-12,4.3,4.25,4.3,4.3,4.35,968
2025-03-13,4.29,4.24,4.29,4.29,4.34,960
2025-03-14,4.29,4.24,4.29,4.29,4.35,953
2025-03-17,4.31,4.26,4.31,4.31,4.37,977
2025-03-18,4.3,4.24,4.3,4.31,4.37,954
2025-03-19,4.28,4.23,4.28,4.29,4.34,943
2025-03-20,4.28,4.23,4.28,4.28,4.35,954
2025-03-21,4.29,4.25,4.29,4.29,4.34,954
2025-03-24,4.3,4.25,4.3,4.3,4.35,954
2025-03-25,4.31,4.27,4.31,4.32,4.39,966
2025-03-26,4.34,4.27,4.34,4.34,4.41,950
2025-03-27,4.34,4.26,4.34,4.34,4.42,962
2025-03-28,4.33,4.26,4.33,4.33,4.4,946
2025-03-31,4.36,4.3,4.36,4.37,4.55,945
2025-04-01,4.35,4.28,4.34,4.35,4.44,972
2025-04-02,4.34,4.27,4.34,4.34,4.43,983
2025-04-03,4.37,4.28,4.36,4.37,4.44,1011
2025-04-04,4.33,4.26,4.33,4.34,4.4,1005
2025-04-07,4.31,4.26,4.3,4.31,4.43,1029
2025-04-08,4.37,4.28,4.37,4.38,4.46,1062
2025-04-09,4.4,4.26,4.4,4.41,4.46,1052
2025-04-10,4.36,4.25,4.36,4.36,4.43,1061
2025-04-11,4.32,4.25,4.32,4.33,4.39,1046
2025-04-14,4.33,4.24,4.32,4.33,4.39,1042
2025-04-15,4.35,4.26,4.35,4.36,4.46,1039
2025-04-16,4.3,4.25,4.3,4.3,4.37,1047
2025-04-17,4.31,4.27,4.31,4.32,4.39,1047
2025-04-21,4.32,4.25,4.32,4.32,4.38,1027
2025-04-22,4.29,4.24,4.29,4.3,4.37,1034
2025-04-23,4.27,4.22,4.27,4.27,4.34,1025
2025-04-24,4.28,4.24,4.27,4.28,4.35,1049
2025-04-25,4.32,4.26,4.31,4.32,4.39,1055
2025-04-28,4.35,4.26,4.35,4.36,4.44,1047
2025-04-29,4.35,4.25,4.35,4.35,4.42,1059
2025-04-30,4.37,4.26,4.37,4.37,4.52,1088
2025-05-01,4.35,4.27,4.35,4.35,4.45,1084
2025-05-02,4.33,4.26,4.33,4.34,4.41,1073
2025-05-05,4.31,4.26,4.31,4.31,4.38,1072
2025-05-06,4.31,4.25,4.31,4.31,4.38,1075
2025-05-07,4.29,4.23,4.29,4.29,4.36,1060
2025-05-08,4.28,4.23,4.28,4.28,4.34,1066
2025-05-09,4.27,4.25,4.27,4.27,4.34,1071
2025-05-12,4.27,4.25,4.27,4.27,4.34,1077
2025-05-13,4.29,4.25,4.29,4.29,4.36,1075
2025-05-14,4.28,4.25,4.28,4.28,4.35,1066
2025-05-15,4.3,4.25,4.3,4.3,4.38,1075
2025-05-16,4.29,4.26,4.29,4.29,4.36,1062
2025-05-19,4.28,4.23,4.27,4.28,4.35,1059
2025-05-20,4.26,4.24,4.26,4.27,4.33,1060
2025-05-21,4.26,4.21,4.26,4.26,4.32,1043
2025-05-22,4.26,4.23,4.26,4.26,4.3,1046
2025-05-23,4.26,4.22,4.26,4.26,4.31,1048
2025-05-27,4.3,4.25,4.3,4.3,4.38,1061
2025-05-28,4.32,4.26,4.32,4.32,4.38,1049
2025-05-29,4.32,4.26,4.32,4.32,4.39,1059
2025-05-30,4.34,4.25,4.34,4.34,4.42,1049
2025-06-02,4.32,4.26,4.32,4.32,4.39,1080
2025-06-03,4.3,4.26,4.29,4.3,4.37,1082
2025-06-04,4.27,4.22,4.27,4.27,4.34,1060
2025-06-05,4.27,4.24,4.27,4.27,4.33,1087
2025-06-06,4.27,4.25,4.27,4.27,4.34,1072
2025-06-09,4.27,4.24,4.27,4.28,4.35,1071
2025-06-10,4.27,4.24,4.27,4.27,4.34,1083
2025-06-11,4.27,4.24,4.27,4.27,4.34,1075
2025-06-12,4.27,4.24,4.27,4.27,4.34,1098
2025-06-13,4.27,4.24,4.27,4.27,4.34,1089
2025-06-16,4.3,4.26,4.3,4.3,4.37,1090
2025-06-17,4.29,4.25,4.29,4.29,4.36,1087
2025-06-18,4.27,4.25,4.27,4.27,4.34,1088
2025-06-20,4.27,4.23,4.27,4.27,4.33,1083
2025-06-23,4.27,4.24,4.27,4.28,4.34,1081
2025-06-24,4.28,4.25,4.28,4.28,4.36,1088
2025-06-25,4.33,4.28,4.33,4.33,4.4,1077
2025-06-26,4.38,4.26,4.37,4.38,4.47,1104
2025-06-27,4.37,4.28,4.36,4.37,4.44,1083
2025-06-30,4.39,4.3,4.39,4.39,4.54,1059
2025-07-01,4.39,4.3,4.39,4.4,4.5,1114
2025-07-02,4.37,4.27,4.37,4.37,4.45,1144
2025-07-03,4.32,4.26,4.32,4.32,4.41,1140
2025-07-07,4.31,4.26,4.31,4.32,4.39,1136
2025-07-08,4.32,4.27,4.32,4.32,4.39,1118
2025-07-09,4.31,4.26,4.31,4.31,4.38,1133
2025-07-10,4.3,4.25,4.3,4.3,4.37,1123
2025-07-11,4.3,4.26,4.3,4.3,4.38,1121
2025-07-14,4.32,4.25,4.32,4.32,4.38,1125
2025-07-15,4.36,4.28,4.36,4.36,4.43,1131
2025-07-16,4.33,4.26,4.33,4.34,4.38,1141
2025-07-17,4.33,4.26,4.33,4.33,4.38,1140
2025-07-18,4.29,4.2,4.29,4.29,4.36,1119
2025-07-21,4.27,4.21,4.27,4.27,4.33,1104
2025-07-22,4.27,4.24,4.27,4.27,4.32,1115
2025-07-23,4.27,4.25,4.27,4.27,4.32,1110
2025-07-24,4.29,4.25,4.29,4.29,4.35,1128
2025-07-25,4.35,4.26,4.35,4.35,4.41,1144
2025-07-28,4.35,4.26,4.35,4.35,4.41,1142
2025-07-29,4.34,4.26,4.34,4.35,4.41,1137
2025-07-30,4.31,4.26,4.31,4.31,4.38,1130
2025-07-31,4.36,4.25,4.36,4.36,4.43,1134
2025-08-01,4.32,4.26,4.31,4.32,4.4,1143
2025-08-04,4.31,4.26,4.31,4.32,4.37,1141
2025-08-05,4.33,4.27,4.33,4.33,4.39,1167
2025-08-06,4.32,4.27,4.32,4.32,4.38,1176
2025-08-07,4.33,4.28,4.33,4.33,4.39,1154
2025-08-08,4.33,4.27,4.33,4.33,4.39,1169
2025-08-11,4.33,4.26,4.33,4.33,4.4,1173
2025-08-12,4.34,4.26,4.34,4.35,4.4,1175
2025-08-13,4.32,4.27,4.32,4.32,4.38,1177
2025-08-14,4.32,4.27,4.32,4.32,4.38,1169
2025-08-15,4.34,4.28,4.34,4.34,4.4,1163
2025-08-18,4.33,4.27,4.33,4.33,4.38,1159
2025-08-19,4.31,4.26,4.31,4.31,4.37,1144
2025-08-20,4.3,4.26,4.3,4.3,4.36,1140
2025-08-21,4.31,4.26,4.31,4.31,4.37,1132
2025-08-22,4.35,4.28,4.35,4.35,4.41,1143
2025-08-25,4.35,4.27,4.35,4.36,4.42,1153
2025-08-26,4.37,4.29,4.37,4.37,4.43,1164
2025-08-27,4.35,4.29,4.35,4.35,4.39,1162
2025-08-28,4.33,4.27,4.33,4.33,4.39,1157
2025-08-29,4.33,4.26,4.33,4.33,4.38,1129
2025-09-02,4.36,4.31,4.36,4.36,4.49,1142
2025-09-03,4.36,4.32,4.36,4.36,4.44,1146
2025-09-04,4.38,4.33,4.37,4.38,4.47,1131
2025-09-05,4.4,4.33,4.4,4.4,4.47,1161
2025-09-08,4.39,4.3,4.39,4.39,4.46,1151
2025-09-09,4.38,4.32,4.38,4.38,4.45,1143
2025-09-10,4.37,4.3,4.37,4.37,4.44,1145
2025-09-11,4.38,4.31,4.38,4.39,4.46,1147
2025-09-12,4.4,4.32,4.4,4.4,4.48,1136
2025-09-15,4.5,4.32,4.49,4.5,4.55,1136
2025-09-16,4.36,4.31,4.36,4.36,4.52,1139
2025-09-17,4.35,4.3,4.35,4.35,4.43,1149
2025-09-18,4.11,4.05,4.11,4.11,4.39,1154
2025-09-19,4.11,4.05,4.11,4.12,4.19,1148
2025-09-22,4.11,4.05,4.11,4.12,4.18,1146
2025-09-23,4.09,4.04,4.09,4.1,4.17,1160
2025-09-24,4.12,4.04,4.12,4.12,4.2,1155
2025-09-25,4.17,4.05,4.16,4.17,4.23,1141
2025-09-26,4.14,4.05,4.14,4.14,4.21,1154
2025-09-29,4.12,4.05,4.12,4.12,4.2,1146
2025-09-30,4.2,4.13,4.2,4.2,4.32,1140
2025-10-01,4.16,4.1,4.16,4.17,4.25,1154
2025-10-02,4.17,4.1,4.17,4.17,4.24,1167
2025-10-03,4.16,4.07,4.16,4.16,4.23,1177
2025-10-06,4.13,4.05,4.13,4.13,4.2,1181
2025-10-07,4.12,4.05,4.12,4.12,4.19,1165
2025-10-08,4.09,4.05,4.09,4.1,4.16,1167
2025-10-09,4.1,4.06,4.1,4.1,4.17,1148
2025-10-10,4.12,4.07,4.12,4.12,4.21,1138
2025-10-14,4.16,4.1,4.16,4.17,4.28,1144
2025-10-15,4.25,4.1,4.25,4.25,4.35,1183
2025-10-16,4.25,4.1,4.25,4.26,4.34,1180
2025-10-17,4.16,4.1,4.15,4.16,4.31,1180
2025-10-20,4.12,4.09,4.12,4.13,4.22,1164
2025-10-21,4.21,4.08,4.2,4.21,4.26,1163
2025-10-22,4.18,4.08,4.18,4.18,4.24,1152
2025-10-23,4.21,4.1,4.21,4.21,4.28,1145
2025-10-24,4.21,4.1,4.21,4.21,4.28,1136
2025-10-27,4.24,4.06,4.24,4.24,4.32,1131
2025-10-28,4.28,4.09,4.27,4.28,4.35,1138
2025-10-29,4.24,4.08,4.24,4.24,4.32,1150
2025-10-30,3.99,3.9,3.98,3.99,4.28,1170
2025-10-31,4.15,3.9,4.14,4.15,4.35,1153
2025-11-03,4.09,3.8,4.09,4.09,4.23,1159
2025-11-04,3.98,3.9,3.98,3.98,4.14,1183
2025-11-05,3.88,3.8,3.88,3.88,4.01,1195
2025-11-06,3.89,3.8,3.89,3.9,3.98,1219
2025-11-07,3.89,3.8,3.89,3.9,3.98,1216
2025-11-10,3.93,3.83,3.93,3.93,3.99,1234
2025-11-12,3.95,3.83,3.95,3.95,4.03,1263
2025-11-13,3.97,3.8,3.97,3.98,4.04,1260
2025-11-14,3.92,3.8,3.92,3.92,4.01,1265
2025-11-17,3.96,3.82,3.96,3.97,4.05,1276
2025-11-18,3.9,3.8,3.9,3.9,4.01,1278
2025-11-19,3.87,3.82,3.87,3.87,3.95,1272
2025-11-20,3.86,3.82,3.86,3.87,3.95,1276
2025-11-21,3.9,3.8,3.9,3.9,3.96,1276
2025-11-24,3.93,3.84,3.93,3.93,4.0,1288
2025-11-25,3.97,3.8,3.97,3.97,4.05,1299
2025-11-26,4.02,3.86,4.02,4.02,4.08,1288
2025-11-28,4.08,3.8,4.08,4.08,4.15,1269
2025-12-01,4.07,3.85,4.07,4.08,4.14,1299
2025-12-02,3.96,3.9,3.96,3.97,4.13,1310
2025-12-03,3.9,3.8,3.9,3.9,4.02,1331
2025-12-04,3.87,3.82,3.87,3.88,3.98,1320
2025-12-05,3.9,3.85,3.9,3.9,3.98,1321
2025-12-08,3.93,3.83,3.93,3.93,3.99,1311
2025-12-09,3.9,3.82,3.9,3.9,3.97,1315
2025-12-10,3.87,3.8,3.87,3.87,3.95,1326
2025-12-11,3.62,3.56,3.62,3.63,3.91,1338
2025-12-12,3.65,3.59,3.65,3.65,3.7,1324
2025-12-15,3.73,3.6,3.73,3.73,3.81,1315
2025-12-16,3.64,3.6,3.64,3.65,3.76,1336
2025-12-17,3.66,3.6,3.66,3.66,3.73,1343
2025-12-18,3.63,3.55,3.63,3.63,3.7,1325
2025-12-19,3.63,3.58,3.63,3.64,3.7,1325
2025-12-22,3.66,3.58,3.66,3.66,3.72,1326
2025-12-23,3.64,3.55,3.64,3.64,3.7,1306
2025-12-24,3.64,3.55,3.64,3.65,3.7,1301
2025-12-26,3.74,3.57,3.74,3.74,3.8,1307
2025-12-29,3.75,3.6,3.75,3.76,3.81,1325
2025-12-30,3.69,3.58,3.69,3.7,3.78,1296
2025-12-31,3.82,3.59,3.82,3.83,3.9,1299
2026-01-02,3.7,3.65,3.7,3.71,3.88,1337
2026-01-05,3.66,3.6,3.66,3.66,3.76,1348
2026-01-06,3.62,3.57,3.62,3.62,3.71,1354
2026-01-07,3.62,3.58,3.62,3.62,3.69,1348
2026-01-08,3.61,3.56,3.61,3.61,3.68,1343
2026-01-09,3.61,3.56,3.61,3.62,3.68,1323
2026-01-12,3.62,3.57,3.62,3.62,3.69,1330
2026-01-13,3.63,3.55,3.63,3.63,3.69,1343
2026-01-14,3.62,3.58,3.62,3.62,3.67,1328
2026-01-15,3.63,3.59,3.63,3.63,3.7,1315
2026-01-16,3.62,3.57,3.62,3.62,3.68,1310
2026-01-20,3.61,3.55,3.61,3.61,3.67,1311
2026-01-21,3.61,3.55,3.61,3.61,3.67,1289
2026-01-22,3.62,3.55,3.62,3.62,3.68,1290
2026-01-23,3.64,3.57,3.63,3.64,3.69,1305
2026-01-26,3.65,3.55,3.65,3.65,3.71,1309
2026-01-27,3.64,3.56,3.64,3.65,3.72,1315
2026-01-28,3.62,3.57,3.62,3.62,3.69,1313
2026-01-29,3.63,3.58,3.63,3.64,3.71,1324
2026-01-30,3.66,3.58,3.66,3.67,3.73,1314
2026-02-02,3.66,3.6,3.66,3.67,3.74,1342
2026-02-03,3.66,3.6,3.66,3.66,3.73,1334
2026-02-04,3.63,3.55,3.63,3.63,3.7,1345
2026-02-05,3.63,3.55,3.63,3.63,3.69,1318
2026-02-06,3.62,3.55,3.62,3.62,3.67,1322
2026-02-09,3.61,3.55,3.61,3.61,3.67,1322
2026-02-10,3.63,3.57,3.62,3.63,3.7,1334
2026-02-11,3.62,3.58,3.62,3.63,3.68,1333
2026-02-12,3.63,3.58,3.63,3.64,3.7,1342
2026-02-13,3.64,3.57,3.64,3.64,3.69,1337
2026-02-17,3.67,3.59,3.67,3.68,3.76,1350
2026-02-18,3.72,3.6,3.72,3.72,3.78,1367
2026-02-19,3.64,3.5,3.64,3.64,3.74,1375
2026-02-20,3.64,3.58,3.64,3.64,3.7,1357
2026-02-23,3.64,3.55,3.64,3.64,3.7,1350
2026-02-24,3.65,3.6,3.65,3.65,3.71,1375
2026-02-25,3.65,3.6,3.65,3.65,3.7,1365
2026-02-26,3.65,3.6,3.65,3.65,3.7,1352
2026-02-27,3.66,3.55,3.66,3.67,3.72,1357
2026-03-02,3.69,3.65,3.69,3.7,3.75,1380
2026-03-03,3.67,3.6,3.67,3.67,3.75,1381
2026-03-04,3.65,3.58,3.65,3.66,3.71,1348
2026-03-05,3.63,3.57,3.63,3.64,3.7,1341
2026-03-06,3.62,3.55,3.62,3.63,3.68,1317
2026-03-09,3.63,3.55,3.63,3.63,3.69,1315
2026-03-10,3.62,3.57,3.61,3.62,3.69,1322
2026-03-11,3.62,3.56,3.61,3.62,3.68,1315
2026-03-12,3.63,3.54,3.63,3.63,3.69,1316
2026-03-13,3.63,3.53,3.63,3.63,3.69,1303
2026-03-16,3.67,3.6,3.67,3.68,3.73,1305
2026-03-17,3.62,3.58,3.62,3.62,3.71,1321
2026-03-18,3.6,3.55,3.6,3.6,3.67,1321
2026-03-19,3.6,3.55,3.6,3.6,3.67,1328
2026-03-20,3.6,3.55,3.6,3.6,3.66,1315
2026-03-23,3.6,3.55,3.6,3.6,3.67,1293
2026-03-24,3.6,3.56,3.6,3.61,3.68,1293
2026-03-25,3.63,3.55,3.63,3.63,3.7,1303
2026-03-26,3.63,3.55,3.63,3.64,3.7,1284
2026-03-27,3.62,3.55,3.62,3.62,3.68,1276
2026-03-30,3.62,3.57,3.62,3.62,3.67,1269
2026-03-31,3.66,3.58,3.66,3.66,3.73,1239
2026-04-01,3.62,3.58,3.62,3.63,3.69,1294
2026-04-02,3.63,3.6,3.63,3.64,3.71,1292
2026-04-06,3.63,3.55,3.63,3.63,3.69,1299
2026-04-07,3.61,3.52,3.61,3.61,3.66,1331
2026-04-08,3.58,3.53,3.58,3.58,3.64,1314
2026-04-09,3.54,3.52,3.54,3.55,3.7,1327
2026-04-10,3.59,3.54,3.59,3.6,3.69,1297
2026-04-13,3.61,3.56,3.61,3.61,3.68,1289
2026-04-14,3.64,3.58,3.64,3.64,3.69,1286
2026-04-15,3.7,3.6,3.7,3.7,3.76,1287
2026-04-16,3.64,3.58,3.64,3.65,3.73,1276
2026-04-17,3.62,3.57,3.62,3.62,3.68,1255
2026-04-20,3.6,3.55,3.6,3.61,3.67,1248
2026-04-21,3.61,3.56,3.61,3.61,3.68,1242
2026-04-22,3.62,3.55,3.62,3.62,3.68,1248
2026-04-23,3.63,3.55,3.63,3.63,3.69,1239
2026-04-24,3.65,3.58,3.65,3.65,3.7,1253
2026-04-27,3.65,3.53,3.65,3.65,3.71,1258
2026-04-28,3.62,3.57,3.62,3.62,3.68,1248
2026-04-29,3.61,3.55,3.61,3.61,3.67,1240
2026-04-30,3.64,3.55,3.64,3.64,3.71,1290
2026-05-01,3.63,3.57,3.63,3.63,3.68,1272
2026-05-04,3.61,3.54,3.61,3.61,3.66,1279
2026-05-05,3.6,3.55,3.6,3.6,3.65,1287
2026-05-06,3.6,3.5,3.6,3.6,3.66,1307
2026-05-07,3.58,3.55,3.58,3.58,3.64,1302
2026-05-08,3.58,3.54,3.58,3.58,3.64,1302
2026-05-11,3.58,3.53,3.58,3.58,3.64,1299
2026-05-12,3.58,3.53,3.58,3.58,3.66,1321
2026-05-13,3.58,3.5,3.58,3.58,3.64,1318
2026-05-14,3.55,3.5,3.55,3.56,3.61,1314
2026-05-15,3.53,3.5,3.53,3.53,3.61,1301
2026-05-18,3.52,3.48,3.52,3.52,3.58,1295
2026-05-19,3.51,3.46,3.51,3.51,3.54,1292
2026-05-20,3.5,3.45,3.5,3.51,3.55,1286
2026-05-21,3.51,3.45,3.5,3.51,3.6,1290
2026-05-22,3.53,3.48,3.52,3.53,3.62,1276
2026-05-26,3.61,3.5,3.61,3.62,3.68,1296
2026-05-27,3.62,3.55,3.62,3.62,3.67,1286
2026-05-28,3.6,3.55,3.6,3.6,3.68,1304
2026-05-29,3.61,3.55,3.61,3.62,3.68,1314
2026-06-01,3.63,3.57,3.63,3.64,3.69,1301
2026-06-02,3.61,3.55,3.6,3.61,3.68,1295
2026-06-03,3.59,3.55,3.59,3.59,3.67,1286
2026-06-04,3.59,3.56,3.59,3.59,3.67,1300
2026-06-05,3.61,3.55,3.6,3.61,3.67,1304
2026-06-08,3.61,3.52,3.61,3.61,3.68,1298
2026-06-09,3.59,3.53,3.59,3.59,3.64,1284
2026-06-10,3.57,3.53,3.57,3.57,3.64,1281
2026-06-11,3.58,3.54,3.58,3.59,3.68,1269
2026-06-12,3.63,3.54,3.63,3.64,3.7,1283
2026-06-15,3.67,3.58,3.67,3.67,3.71,1297
2026-06-16,3.61,3.55,3.61,3.61,3.7,1297
2026-06-17,3.61,3.55,3.6,3.61,3.66,1303
2026-06-18,3.6,3.55,3.6,3.6,3.67,1303
2026-06-22,3.59,3.5,3.59,3.6,3.66,1282
2026-06-23,3.6,3.5,3.6,3.6,3.66,1294
2026-06-24,3.61,3.52,3.61,3.61,3.66,1284
2026-06-25,3.62,3.55,3.62,3.62,3.66,1285
2026-06-26,3.6,3.54,3.6,3.6,3.66,1285
2026-06-29,3.6,3.55,3.6,3.61,3.67,1276
2026-06-30,3.64,3.55,3.64,3.65,3.76,1288
2026-07-01,3.63,3.58,3.63,3.63,3.71,1299
2026-07-02,3.62,3.55,3.62,3.62,3.68,1296
2026-07-06,3.61,3.5,3.61,3.61,3.68,1310
2026-07-07,3.6,3.5,3.6,3.6,3.67,1325
2026-07-08,3.57,3.52,3.57,3.57,3.63,1319
2026-07-09,3.51,3.5,3.51,3.51,3.61,1313
2026-07-10,3.52,3.48,3.52,3.52,3.62,1307
2026-07-13,3.58,3.5,3.58,3.58,3.66,1313
2026-07-14,3.62,3.53,3.62,3.62,3.68,1316
2026-07-15,3.62,3.54,3.62,3.63,3.68,1306
2026-07-16,3.59,3.55,3.59,3.6,3.66,1281
2026-07-17,3.56,3.53,3.56,3.57,3.63,1272
2026-07-20,3.54,3.5,3.54,3.55,3.63,1265
2026-07-21,3.58,3.52,3.58,3.59,3.66,1248
2026-07-22,3.6,3.55,3.6,3.6,3.66,1258
2026-07-23,3.62,3.55,3.62,3.62,3.67,1243
2026-07-24,3.62,3.55,3.62,3.62,3.67,1240
2026-07-27,3.62,3.55,3.62,3.62,3.67,1231
2026-07-28,3.64,3.56,3.64,3.65,3.71,1234
2026-07-29,3.64,3.56,3.64,3.64,3.69,1263
2026-07-30,3.63,3.58,3.63,3.64,3.69,1237
2026-07-31,3.64,3.55,3.64,3.65,3.71,1261
2026-08-03,3.63,3.55,3.63,3.63,3.69,1247
2026-08-04,3.64,3.55,3.64,3.64,3.7,1244
2026-08-05,3.63,3.55,3.63,3.63,3.68,1233
2026-08-06,3.63,3.58,3.63,3.63,3.68,1230
2026-08-07,3.6,3.55,3.6,3.61,3.66,1239
2026-08-10,3.61,3.55,3.61,3.61,3.67,1233
2026-08-11,3.63,3.55,3.63,3.63,3.68,1237
2026-08-12,3.6,3.55,3.6,3.61,3.66,1228
2026-08-13,3.6,3.55,3.6,3.6,3.66,1232
2026-08-14,3.6,3.56,3.6,3.61,3.68,1240
2026-08-17,3.64,3.57,3.64,3.64,3.69,1251
