date,TGCR,pct1,pct25,pct75,pct99,vol_bn
2023-01-03,4.26,3.45,4.26,4.3,4.45,374
2023-01-04,4.27,4.13,4.26,4.3,4.45,382
2023-01-05,4.27,4.22,4.27,4.3,4.45,392
2023-01-06,4.27,4.2,4.27,4.3,4.45,391
2023-01-09,4.27,4.22,4.26,4.3,4.45,401
2023-01-10,4.27,4.21,4.26,4.3,4.45,407
2023-01-11,4.27,4.21,4.26,4.3,4.45,413
2023-01-12,4.27,4.21,4.26,4.3,4.45,414
2023-01-13,4.27,4.22,4.26,4.3,4.45,418
2023-01-17,4.28,4.13,4.27,4.3,4.45,429
2023-01-18,4.27,4.12,4.26,4.3,4.45,429
2023-01-19,4.27,4.22,4.26,4.3,4.33,433
2023-01-20,4.26,4.2,4.26,4.3,4.32,435
2023-01-23,4.26,4.2,4.25,4.3,4.31,425
2023-01-24,4.27,4.22,4.26,4.3,4.31,441
2023-01-25,4.27,4.22,4.26,4.3,4.31,445
2023-01-26,4.27,4.22,4.26,4.3,4.32,455
2023-01-27,4.27,4.21,4.26,4.3,4.31,454
2023-01-30,4.27,4.14,4.26,4.3,4.31,452
2023-01-31,4.28,2.75,4.27,4.3,4.31,468
2023-02-01,4.27,4.22,4.26,4.3,4.32,472
2023-02-02,4.52,4.32,4.51,4.55,4.56,468
2023-02-03,4.52,4.46,4.51,4.55,4.57,459
2023-02-06,4.52,4.4,4.51,4.55,4.56,460
2023-02-07,4.52,4.46,4.51,4.55,4.56,461
2023-02-08,4.52,4.46,4.51,4.55,4.56,466
2023-02-09,4.52,4.46,4.51,4.55,4.57,466
2023-02-10,4.52,4.35,4.51,4.55,4.56,455
2023-02-13,4.52,4.46,4.51,4.55,4.56,452
2023-02-14,4.52,4.46,4.51,4.55,4.56,455
2023-02-15,4.53,4.45,4.52,4.55,4.56,458
2023-02-16,4.53,4.45,4.52,4.55,4.56,456
2023-02-17,4.52,4.45,4.51,4.55,4.56,450
2023-02-21,4.52,4.4,4.51,4.55,4.56,460
2023-02-22,4.52,4.45,4.51,4.55,4.56,445
2023-02-23,4.51,4.35,4.5,4.55,4.56,444
2023-02-24,4.51,4.45,4.5,4.55,4.56,442
2023-02-27,4.51,2.75,4.51,4.55,4.56,445
2023-02-28,4.52,4.0,4.51,4.55,4.56,444
2023-03-01,4.52,4.3,4.51,4.55,4.56,446
2023-03-02,4.52,4.46,4.51,4.55,4.56,446
2023-03-03,4.51,4.45,4.51,4.55,4.56,444
2023-03-06,4.51,4.45,4.5,4.55,4.56,449
2023-03-07,4.51,4.45,4.5,4.55,4.56,463
2023-03-08,4.51,4.45,4.5,4.55,4.56,453
2023-03-09,4.51,4.45,4.5,4.55,4.56,461
2023-03-10,4.51,4.45,4.5,4.55,4.56,454
2023-03-13,4.52,4.34,4.51,4.55,4.56,457
2023-03-14,4.53,2.75,4.52,4.55,4.56,476
2023-03-15,4.55,4.35,4.54,4.56,4.58,474
2023-03-16,4.55,4.4,4.53,4.55,4.59,491
2023-03-17,4.53,4.3,4.52,4.55,4.58,484
2023-03-20,4.52,4.4,4.51,4.55,4.56,489
2023-03-21,4.52,4.45,4.51,4.55,4.56,502
2023-03-22,4.52,4.48,4.51,4.55,4.56,499
2023-03-23,4.77,4.56,4.76,4.8,4.81,510
2023-03-24,4.78,4.72,4.77,4.8,4.81,505
2023-03-27,4.79,4.73,4.77,4.8,4.82,514
2023-03-28,4.8,4.59,4.8,4.8,4.82,504
2023-03-29,4.79,4.72,4.78,4.8,4.85,494
2023-03-30,4.79,4.7,4.78,4.8,4.84,497
2023-03-31,4.8,2.75,4.8,4.8,4.83,470
2023-04-03,4.8,4.74,4.79,4.8,4.88,494
2023-04-04,4.8,4.74,4.79,4.8,4.85,509
2023-04-05,4.79,4.73,4.78,4.8,4.84,510
2023-04-06,4.79,4.73,4.77,4.8,4.82,523
2023-04-10,4.78,2.75,4.77,4.8,4.82,531
2023-04-11,4.78,4.73,4.77,4.8,4.82,522
2023-04-12,4.77,4.72,4.75,4.8,4.81,523
2023-04-13,4.77,4.72,4.75,4.8,4.84,522
2023-04-14,4.77,4.73,4.76,4.8,4.81,516
2023-04-17,4.77,4.71,4.76,4.8,4.81,518
2023-04-18,4.77,4.72,4.77,4.8,4.81,518
2023-04-19,4.76,4.71,4.76,4.8,4.81,509
2023-04-20,4.76,4.72,4.75,4.8,4.81,521
2023-04-21,4.76,4.7,4.75,4.8,4.81,523
2023-04-24,4.77,4.72,4.76,4.8,4.81,521
2023-04-25,4.77,4.72,4.76,4.8,4.82,540
2023-04-26,4.77,4.72,4.76,4.8,4.81,535
2023-04-27,4.78,4.72,4.77,4.8,4.82,538
2023-04-28,4.79,4.72,4.78,4.8,4.82,530
2023-05-01,4.78,3.0,4.78,4.8,4.82,558
2023-05-02,4.78,4.7,4.78,4.8,4.83,556
2023-05-03,4.79,4.73,4.78,4.8,4.82,567
2023-05-04,5.03,4.82,5.03,5.05,5.07,566
2023-05-05,5.03,4.97,5.03,5.05,5.08,558
2023-05-08,5.03,4.8,5.03,5.05,5.07,566
2023-05-09,5.03,4.95,5.03,5.05,5.07,564
2023-05-10,5.02,4.95,5.02,5.05,5.07,568
2023-05-11,5.02,4.96,5.01,5.05,5.07,573
2023-05-12,5.02,4.95,5.01,5.05,5.06,574
2023-05-15,5.02,4.95,5.01,5.05,5.07,576
2023-05-16,5.02,4.97,5.01,5.05,5.08,578
2023-05-17,5.02,4.94,5.01,5.05,5.08,569
2023-05-18,5.02,4.95,5.01,5.05,5.07,577
2023-05-19,5.02,4.93,5.0,5.05,5.09,572
2023-05-22,5.02,4.94,5.0,5.05,5.06,572
2023-05-23,5.02,4.96,5.0,5.05,5.1,580
2023-05-24,5.03,4.96,5.01,5.05,5.1,578
2023-05-25,5.05,4.84,5.05,5.05,5.09,590
2023-05-26,5.05,4.96,5.04,5.05,5.1,582
2023-05-30,5.04,4.8,5.03,5.05,5.1,585
2023-05-31,5.05,4.97,5.05,5.05,5.08,577
2023-06-01,5.05,4.98,5.05,5.06,5.12,599
2023-06-02,5.05,4.95,5.04,5.05,5.1,600
2023-06-05,5.05,4.95,5.04,5.05,5.08,594
2023-06-06,5.03,4.95,5.02,5.05,5.07,594
2023-06-07,5.03,4.96,5.02,5.05,5.06,594
2023-06-08,5.03,4.96,5.01,5.05,5.06,586
2023-06-09,5.02,4.96,5.01,5.05,5.06,586
2023-06-12,5.02,4.93,5.01,5.05,5.06,588
2023-06-13,5.03,4.95,5.02,5.05,5.06,611
2023-06-14,5.03,4.97,5.02,5.05,5.06,611
2023-06-15,5.04,4.95,5.03,5.05,5.08,604
2023-06-16,5.03,4.95,5.02,5.05,5.07,600
2023-06-20,5.03,4.85,5.02,5.05,5.1,610
2023-06-21,5.03,4.94,5.02,5.05,5.06,598
2023-06-22,5.03,4.97,5.02,5.05,5.1,594
2023-06-23,5.03,4.97,5.02,5.05,5.06,592
2023-06-26,5.03,4.97,5.03,5.05,5.07,596
2023-06-27,5.04,4.98,5.03,5.05,5.08,586
2023-06-28,5.04,4.95,5.04,5.05,5.09,576
2023-06-29,5.05,5.0,5.05,5.05,5.1,578
2023-06-30,5.05,3.0,5.05,5.06,5.09,548
2023-07-03,5.05,4.99,5.04,5.05,5.11,565
2023-07-05,5.05,4.99,5.03,5.05,5.09,577
2023-07-06,5.04,4.99,5.04,5.05,5.09,577
2023-07-07,5.04,5.0,5.03,5.05,5.1,578
2023-07-10,5.04,4.97,5.03,5.05,5.07,586
2023-07-11,5.04,4.99,5.02,5.05,5.07,582
2023-07-12,5.03,4.99,5.02,5.05,5.07,574
2023-07-13,5.04,4.99,5.01,5.05,5.09,591
2023-07-14,5.03,4.99,5.02,5.05,5.08,590
2023-07-17,5.03,4.99,5.02,5.05,5.07,583
2023-07-18,5.03,5.0,5.02,5.05,5.08,591
2023-07-19,5.03,5.0,5.02,5.05,5.07,581
2023-07-20,5.03,4.99,5.02,5.05,5.07,579
2023-07-21,5.03,5.0,5.02,5.05,5.07,582
2023-07-24,5.03,4.99,5.02,5.05,5.06,579
2023-07-25,5.03,4.99,5.03,5.05,5.07,584
2023-07-26,5.04,5.0,5.03,5.05,5.07,582
2023-07-27,5.28,5.07,5.28,5.3,5.32,583
2023-07-28,5.28,5.24,5.28,5.3,5.32,574
2023-07-31,5.28,5.25,5.28,5.3,5.32,574
2023-08-01,5.28,5.25,5.27,5.3,5.35,579
2023-08-02,5.28,5.24,5.27,5.3,5.32,565
2023-08-03,5.28,5.23,5.27,5.3,5.31,572
2023-08-04,5.28,5.23,5.26,5.3,5.31,567
2023-08-07,5.28,5.23,5.26,5.3,5.31,566
2023-08-08,5.27,5.22,5.26,5.3,5.31,561
2023-08-09,5.27,5.23,5.26,5.3,5.32,551
2023-08-10,5.28,5.22,5.27,5.3,5.31,555
2023-08-11,5.28,5.22,5.27,5.3,5.33,547
2023-08-14,5.28,5.23,5.27,5.3,5.33,552
2023-08-15,5.28,5.23,5.27,5.3,5.36,541
2023-08-16,5.28,5.22,5.27,5.3,5.34,538
2023-08-17,5.27,5.22,5.26,5.3,5.32,548
2023-08-18,5.27,5.22,5.26,5.3,5.31,541
2023-08-21,5.27,5.2,5.26,5.3,5.31,540
2023-08-22,5.27,5.22,5.26,5.3,5.31,543
2023-08-23,5.27,5.22,5.26,5.3,5.33,536
2023-08-24,5.28,5.23,5.27,5.3,5.33,553
2023-08-25,5.28,5.23,5.27,5.3,5.34,543
2023-08-28,5.28,5.23,5.28,5.3,5.34,547
2023-08-29,5.28,5.23,5.28,5.3,5.35,534
2023-08-30,5.28,5.24,5.28,5.3,5.34,538
2023-08-31,5.3,5.24,5.28,5.3,5.36,550
2023-09-01,5.3,5.24,5.28,5.3,5.35,554
2023-09-05,5.29,5.23,5.28,5.3,5.33,546
2023-09-06,5.29,5.23,5.28,5.3,5.35,543
2023-09-07,5.3,5.24,5.28,5.3,5.35,565
2023-09-08,5.3,5.24,5.28,5.3,5.34,561
2023-09-11,5.3,5.24,5.28,5.3,5.35,560
2023-09-12,5.3,5.24,5.28,5.3,5.35,561
2023-09-13,5.3,5.25,5.28,5.3,5.35,556
2023-09-14,5.3,5.22,5.28,5.3,5.35,563
2023-09-15,5.3,5.24,5.29,5.3,5.32,570
2023-09-18,5.3,5.25,5.29,5.3,5.34,561
2023-09-19,5.3,5.25,5.28,5.3,5.32,555
2023-09-20,5.3,5.25,5.28,5.3,5.32,554
2023-09-21,5.3,5.23,5.28,5.3,5.32,559
2023-09-22,5.3,5.25,5.28,5.3,5.32,563
2023-09-25,5.3,5.24,5.29,5.3,5.34,561
2023-09-26,5.3,5.25,5.3,5.3,5.37,555
2023-09-27,5.3,5.25,5.3,5.31,5.37,544
2023-09-28,5.3,5.24,5.29,5.3,5.37,530
2023-09-29,5.3,3.0,5.29,5.3,5.37,496
2023-10-02,5.3,5.25,5.29,5.3,5.35,526
2023-10-03,5.3,5.25,5.3,5.31,5.37,533
2023-10-04,5.3,5.25,5.3,5.3,5.37,542
2023-10-05,5.3,5.25,5.29,5.3,5.34,564
2023-10-06,5.3,5.26,5.29,5.3,5.34,558
2023-10-10,5.3,5.25,5.29,5.3,5.33,552
2023-10-11,5.3,5.26,5.29,5.3,5.33,556
2023-10-12,5.3,5.25,5.29,5.3,5.34,568
2023-10-13,5.3,5.25,5.29,5.3,5.34,562
2023-10-16,5.3,5.23,5.29,5.3,5.33,565
2023-10-17,5.3,5.25,5.29,5.3,5.33,560
2023-10-18,5.3,5.24,5.28,5.3,5.33,559
2023-10-19,5.3,5.24,5.27,5.3,5.33,556
2023-10-20,5.3,5.24,5.27,5.3,5.32,548
2023-10-23,5.3,5.22,5.27,5.3,5.32,545
2023-10-24,5.3,5.24,5.27,5.3,5.33,553
2023-10-25,5.3,5.25,5.28,5.3,5.32,554
2023-10-26,5.3,5.25,5.29,5.3,5.32,557
2023-10-27,5.3,5.25,5.29,5.3,5.32,556
2023-10-30,5.3,5.24,5.29,5.3,5.32,552
2023-10-31,5.3,5.24,5.29,5.31,5.37,567
2023-11-01,5.3,5.25,5.3,5.31,5.36,565
2023-11-02,5.3,5.25,5.3,5.31,5.34,569
2023-11-03,5.3,5.25,5.3,5.31,5.35,575
2023-11-06,5.3,5.25,5.3,5.31,5.33,570
2023-11-07,5.3,5.25,5.29,5.31,5.37,576
2023-11-08,5.3,5.25,5.29,5.3,5.33,579
2023-11-09,5.3,5.25,5.29,5.3,5.33,573
2023-11-10,5.3,5.25,5.29,5.3,5.33,575
2023-11-13,5.3,5.25,5.3,5.31,5.33,576
2023-11-14,5.3,5.25,5.3,5.31,5.33,570
2023-11-15,5.3,5.25,5.3,5.31,5.33,585
2023-11-16,5.3,5.25,5.3,5.31,5.34,583
2023-11-17,5.3,5.25,5.3,5.31,5.33,573
2023-11-20,5.3,5.25,5.29,5.3,5.33,574
2023-11-21,5.3,5.25,5.29,5.3,5.32,574
2023-11-22,5.3,5.25,5.29,5.3,5.32,564
2023-11-24,5.3,5.25,5.3,5.31,5.36,577
2023-11-27,5.3,5.25,5.3,5.31,5.34,582
2023-11-28,5.3,5.25,5.3,5.31,5.34,578
2023-11-29,5.3,5.26,5.3,5.31,5.35,585
2023-11-30,5.31,5.25,5.3,5.31,5.4,591
2023-12-01,5.31,5.26,5.31,5.32,5.37,594
2023-12-04,5.31,5.25,5.31,5.32,5.4,602
2023-12-05,5.31,5.25,5.31,5.31,5.38,604
2023-12-06,5.31,5.25,5.3,5.31,5.34,596
2023-12-07,5.3,5.25,5.3,5.31,5.34,603
2023-12-08,5.3,5.25,5.3,5.31,5.34,605
2023-12-11,5.3,5.25,5.3,5.31,5.34,600
2023-12-12,5.3,5.25,5.29,5.3,5.33,602
2023-12-13,5.3,5.21,5.29,5.3,5.33,600
2023-12-14,5.3,5.25,5.28,5.3,5.33,616
2023-12-15,5.3,5.25,5.3,5.31,5.34,629
2023-12-18,5.3,5.25,5.3,5.31,5.34,618
2023-12-19,5.3,5.25,5.29,5.31,5.34,622
2023-12-20,5.3,5.23,5.29,5.3,5.34,618
2023-12-21,5.3,5.25,5.29,5.31,5.34,622
2023-12-22,5.3,5.26,5.3,5.31,5.36,620
2023-12-26,5.31,5.26,5.3,5.32,5.42,624
2023-12-27,5.33,5.27,5.31,5.33,5.48,619
2023-12-28,5.35,5.27,5.34,5.35,5.48,603
2023-12-29,5.33,5.28,5.33,5.34,5.48,594
2024-01-02,5.33,5.28,5.33,5.34,5.39,654
2024-01-03,5.33,5.26,5.33,5.33,5.41,657
2024-01-04,5.31,5.26,5.31,5.32,5.4,672
2024-01-05,5.3,5.25,5.3,5.31,5.34,680
2024-01-08,5.3,5.25,5.3,5.31,5.34,661
2024-01-09,5.3,5.25,5.3,5.31,5.32,664
2024-01-10,5.3,5.25,5.3,5.31,5.33,665
2024-01-11,5.3,5.26,5.3,5.31,5.34,668
2024-01-12,5.3,5.25,5.3,5.3,5.34,655
2024-01-16,5.3,5.25,5.3,5.31,5.36,667
2024-01-17,5.3,5.26,5.3,5.31,5.34,661
2024-01-18,5.3,5.25,5.29,5.3,5.33,659
2024-01-19,5.3,5.25,5.29,5.3,5.32,665
2024-01-22,5.3,5.25,5.29,5.3,5.32,649
2024-01-23,5.3,5.24,5.29,5.3,5.32,658
2024-01-24,5.3,5.23,5.3,5.31,5.33,661
2024-01-25,5.31,5.24,5.31,5.31,5.35,662
2024-01-26,5.31,5.23,5.31,5.31,5.33,668
2024-01-29,5.3,5.25,5.3,5.31,5.33,657
2024-01-30,5.3,5.25,5.3,5.31,5.32,665
2024-01-31,5.31,5.26,5.31,5.31,5.37,679
2024-02-01,5.31,5.27,5.31,5.31,5.35,689
2024-02-02,5.31,5.26,5.31,5.31,5.34,676
2024-02-05,5.3,5.24,5.3,5.31,5.33,677
2024-02-06,5.3,5.25,5.3,5.31,5.36,672
2024-02-07,5.3,5.24,5.3,5.3,5.35,673
2024-02-08,5.3,5.25,5.3,5.3,5.35,669
2024-02-09,5.3,5.25,5.3,5.3,5.34,661
2024-02-12,5.3,5.25,5.3,5.3,5.34,670
2024-02-13,5.3,5.25,5.3,5.3,5.34,662
2024-02-14,5.3,5.25,5.29,5.3,5.34,656
2024-02-15,5.3,5.25,5.29,5.3,5.32,670
2024-02-16,5.3,5.24,5.29,5.3,5.32,669
2024-02-20,5.3,5.23,5.29,5.3,5.32,664
2024-02-21,5.3,5.25,5.29,5.3,5.32,660
2024-02-22,5.3,5.25,5.29,5.3,5.32,658
2024-02-23,5.3,5.25,5.3,5.31,5.34,672
2024-02-26,5.3,5.25,5.3,5.31,5.35,658
2024-02-27,5.3,5.25,5.3,5.31,5.36,652
2024-02-28,5.3,5.25,5.3,5.31,5.35,661
2024-02-29,5.31,5.26,5.3,5.31,5.32,675
2024-03-01,5.3,5.26,5.3,5.31,5.37,671
2024-03-04,5.3,5.25,5.3,5.31,5.32,680
2024-03-05,5.3,5.25,5.3,5.31,5.32,670
2024-03-06,5.3,5.25,5.29,5.3,5.32,671
2024-03-07,5.3,5.25,5.3,5.3,5.32,686
2024-03-08,5.3,5.25,5.3,5.3,5.32,681
2024-03-11,5.3,5.25,5.3,5.3,5.32,680
2024-03-12,5.3,5.25,5.3,5.31,5.32,676
2024-03-13,5.3,5.25,5.3,5.31,5.32,685
2024-03-14,5.3,5.25,5.3,5.31,5.32,677
2024-03-15,5.3,5.25,5.3,5.31,5.32,685
2024-03-18,5.3,5.24,5.3,5.3,5.32,683
2024-03-19,5.3,5.25,5.3,5.3,5.32,669
2024-03-20,5.3,5.25,5.3,5.3,5.32,673
2024-03-21,5.3,5.25,5.3,5.3,5.32,678
2024-03-22,5.31,5.24,5.3,5.31,5.33,670
2024-03-25,5.31,5.25,5.31,5.31,5.33,660
2024-03-26,5.31,5.25,5.31,5.32,5.35,656
2024-03-27,5.33,5.25,5.32,5.33,5.35,644
2024-03-28,5.32,5.27,5.32,5.33,5.36,604
2024-04-01,5.33,5.25,5.33,5.34,5.38,656
2024-04-02,5.33,5.26,5.33,5.33,5.36,668
2024-04-03,5.31,5.26,5.31,5.31,5.35,679
2024-04-04,5.31,5.27,5.3,5.31,5.33,697
2024-04-05,5.31,5.27,5.31,5.31,5.34,695
2024-04-08,5.31,5.25,5.3,5.31,5.34,688
2024-04-09,5.31,5.26,5.3,5.31,5.33,705
2024-04-10,5.3,5.25,5.3,5.31,5.33,698
2024-04-11,5.3,5.25,5.3,5.31,5.33,688
2024-04-12,5.3,5.25,5.3,5.31,5.33,687
2024-04-15,5.31,5.25,5.31,5.32,5.34,695
2024-04-16,5.31,5.26,5.3,5.31,5.34,696
2024-04-17,5.3,5.25,5.3,5.3,5.33,685
2024-04-18,5.3,5.25,5.3,5.3,5.33,690
2024-04-19,5.3,5.25,5.3,5.3,5.32,689
2024-04-22,5.3,5.25,5.3,5.3,5.32,687
2024-04-23,5.3,5.24,5.3,5.3,5.33,679
2024-04-24,5.3,5.25,5.3,5.31,5.33,664
2024-04-25,5.31,5.25,5.31,5.31,5.34,681
2024-04-26,5.31,5.25,5.31,5.31,5.34,673
2024-04-29,5.31,5.25,5.31,5.31,5.34,666
2024-04-30,5.31,5.27,5.31,5.32,5.36,701
2024-05-01,5.31,5.25,5.31,5.31,5.35,693
2024-05-02,5.31,5.25,5.3,5.31,5.33,697
2024-05-03,5.3,5.25,5.3,5.31,5.33,695
2024-05-06,5.3,5.25,5.3,5.31,5.33,700
2024-05-07,5.3,5.25,5.3,5.31,5.33,703
2024-05-08,5.3,5.25,5.3,5.31,5.33,705
2024-05-09,5.3,5.25,5.3,5.31,5.33,706
2024-05-10,5.3,5.25,5.3,5.31,5.33,709
2024-05-13,5.3,5.25,5.3,5.3,5.33,702
2024-05-14,5.3,5.25,5.3,5.3,5.33,713
2024-05-15,5.3,5.25,5.3,5.3,5.33,719
2024-05-16,5.3,5.25,5.3,5.31,5.33,737
2024-05-17,5.3,5.25,5.3,5.31,5.33,711
2024-05-20,5.3,5.25,5.3,5.31,5.33,707
2024-05-21,5.3,5.25,5.3,5.31,5.33,715
2024-05-22,5.3,5.25,5.3,5.31,5.33,713
2024-05-23,5.3,5.25,5.3,5.31,5.33,715
2024-05-24,5.31,5.26,5.31,5.31,5.33,718
2024-05-28,5.31,5.26,5.31,5.32,5.34,735
2024-05-29,5.32,5.26,5.31,5.32,5.35,719
2024-05-30,5.32,5.27,5.32,5.33,5.36,725
2024-05-31,5.33,5.28,5.32,5.33,5.36,771
2024-06-03,5.32,5.27,5.32,5.32,5.35,764
2024-06-04,5.32,5.27,5.32,5.32,5.36,769
2024-06-05,5.32,5.27,5.31,5.32,5.35,745
2024-06-06,5.32,5.27,5.32,5.32,5.35,750
2024-06-07,5.32,5.26,5.32,5.32,5.34,742
2024-06-10,5.32,5.25,5.32,5.32,5.34,737
2024-06-11,5.31,5.25,5.31,5.31,5.33,735
2024-06-12,5.31,5.25,5.3,5.31,5.33,737
2024-06-13,5.31,5.25,5.3,5.31,5.34,756
2024-06-14,5.3,5.25,5.3,5.31,5.34,771
2024-06-17,5.32,5.26,5.31,5.32,5.35,756
2024-06-18,5.32,5.25,5.32,5.32,5.36,746
2024-06-20,5.31,5.25,5.31,5.31,5.34,749
2024-06-21,5.3,5.25,5.3,5.31,5.33,746
2024-06-24,5.3,5.25,5.3,5.31,5.33,737
2024-06-25,5.32,5.27,5.32,5.33,5.37,739
2024-06-26,5.33,5.27,5.33,5.34,5.37,725
2024-06-27,5.32,5.25,5.32,5.33,5.35,719
2024-06-28,5.32,5.25,5.32,5.32,5.35,682
2024-07-01,5.33,5.25,5.33,5.34,5.37,733
2024-07-02,5.33,5.27,5.33,5.34,5.41,744
2024-07-03,5.32,5.26,5.32,5.32,5.36,742
2024-07-05,5.31,5.26,5.31,5.31,5.34,748
2024-07-08,5.31,5.26,5.31,5.31,5.34,758
2024-07-09,5.33,5.27,5.32,5.33,5.35,743
2024-07-10,5.33,5.27,5.32,5.33,5.35,745
2024-07-11,5.32,5.27,5.32,5.33,5.35,755
2024-07-12,5.32,5.27,5.32,5.33,5.36,756
2024-07-15,5.33,5.28,5.33,5.33,5.37,770
2024-07-16,5.33,5.28,5.33,5.34,5.39,776
2024-07-17,5.33,5.27,5.33,5.34,5.37,770
2024-07-18,5.32,5.27,5.32,5.33,5.36,778
2024-07-19,5.32,5.27,5.32,5.32,5.35,770
2024-07-22,5.32,5.25,5.32,5.32,5.35,769
2024-07-23,5.32,5.27,5.32,5.32,5.35,773
2024-07-24,5.33,5.27,5.33,5.33,5.35,778
2024-07-25,5.34,5.27,5.34,5.34,5.37,791
2024-07-26,5.34,5.25,5.34,5.34,5.36,779
2024-07-29,5.33,5.26,5.32,5.33,5.36,770
2024-07-30,5.32,5.26,5.32,5.32,5.34,786
2024-07-31,5.34,5.28,5.34,5.34,5.39,797
2024-08-01,5.34,5.28,5.34,5.35,5.39,803
2024-08-02,5.33,5.28,5.33,5.33,5.36,784
2024-08-05,5.32,5.25,5.31,5.32,5.36,789
2024-08-06,5.32,5.27,5.31,5.32,5.34,791
2024-08-07,5.32,5.26,5.31,5.32,5.34,789
2024-08-08,5.33,5.27,5.33,5.33,5.36,796
2024-08-09,5.33,5.27,5.33,5.33,5.35,795
2024-08-12,5.33,5.26,5.33,5.33,5.35,787
2024-08-13,5.34,5.27,5.33,5.34,5.37,780
2024-08-14,5.32,5.25,5.32,5.32,5.35,781
2024-08-15,5.32,5.26,5.32,5.33,5.36,797
2024-08-16,5.31,5.25,5.31,5.32,5.36,778
2024-08-19,5.31,5.26,5.31,5.32,5.34,776
2024-08-20,5.31,5.25,5.31,5.32,5.33,765
2024-08-21,5.3,5.25,5.3,5.31,5.33,762
2024-08-22,5.31,5.25,5.3,5.31,5.33,761
2024-08-23,5.32,5.26,5.31,5.32,5.34,760
2024-08-26,5.32,5.27,5.32,5.32,5.35,766
2024-08-27,5.34,5.28,5.34,5.35,5.37,753
2024-08-28,5.34,5.28,5.33,5.34,5.37,752
2024-08-29,5.32,5.26,5.32,5.32,5.36,745
2024-08-30,5.32,5.25,5.31,5.32,5.34,732
2024-09-03,5.33,5.28,5.33,5.33,5.38,757
2024-09-04,5.32,5.27,5.32,5.33,5.35,760
2024-09-05,5.32,5.27,5.32,5.33,5.36,773
2024-09-06,5.32,5.27,5.32,5.33,5.36,770
2024-09-09,5.32,5.25,5.32,5.33,5.35,768
2024-09-10,5.31,5.26,5.31,5.32,5.35,766
2024-09-11,5.31,5.25,5.31,5.31,5.34,769
2024-09-12,5.31,5.25,5.31,5.31,5.33,785
2024-09-13,5.32,5.26,5.31,5.32,5.34,779
2024-09-16,5.33,5.28,5.33,5.34,5.36,783
2024-09-17,5.33,5.27,5.33,5.33,5.39,770
2024-09-18,5.32,5.24,5.31,5.32,5.39,783
2024-09-19,4.81,4.75,4.81,4.81,5.34,815
2024-09-20,4.81,4.75,4.81,4.82,4.84,789
2024-09-23,4.82,4.75,4.82,4.82,4.85,781
2024-09-24,4.83,4.76,4.82,4.83,4.85,768
2024-09-25,4.83,4.75,4.82,4.83,4.86,756
2024-09-26,4.83,4.76,4.82,4.83,4.85,747
2024-09-27,4.83,4.78,4.82,4.83,4.87,753
2024-09-30,4.88,4.8,4.86,4.88,4.95,742
2024-10-01,4.92,4.8,4.9,4.92,4.98,771
2024-10-02,4.87,4.78,4.86,4.87,5.06,777
2024-10-03,4.82,4.78,4.82,4.83,4.93,787
2024-10-04,4.82,4.77,4.82,4.83,4.86,779
2024-10-07,4.82,4.77,4.82,4.82,4.84,773
2024-10-08,4.83,4.77,4.82,4.83,4.85,771
2024-10-09,4.82,4.77,4.82,4.82,4.85,768
2024-10-10,4.81,4.75,4.81,4.81,4.84,769
2024-10-11,4.81,4.76,4.81,4.81,4.83,772
2024-10-15,4.83,4.79,4.83,4.84,4.87,795
2024-10-16,4.84,4.78,4.83,4.84,4.87,785
2024-10-17,4.84,4.78,4.84,4.84,4.88,794
2024-10-18,4.82,4.77,4.82,4.83,4.86,785
2024-10-21,4.81,4.76,4.81,4.82,4.85,783
2024-10-22,4.82,4.75,4.82,4.82,4.84,780
2024-10-23,4.82,4.75,4.82,4.82,4.84,773
2024-10-24,4.83,4.65,4.82,4.83,4.85,785
2024-10-25,4.82,4.75,4.82,4.83,4.85,765
2024-10-28,4.81,4.75,4.81,4.82,4.84,757
2024-10-29,4.81,4.75,4.81,4.81,4.83,763
2024-10-30,4.81,4.75,4.8,4.81,4.83,768
2024-10-31,4.85,4.75,4.85,4.86,4.89,763
2024-11-01,4.84,4.78,4.84,4.84,4.91,761
2024-11-04,4.82,4.75,4.82,4.82,4.87,764
2024-11-05,4.81,4.75,4.81,4.81,4.83,778
2024-11-06,4.81,4.75,4.81,4.81,4.83,774
2024-11-07,4.82,4.75,4.81,4.82,4.84,784
2024-11-08,4.57,4.51,4.57,4.58,4.83,785
2024-11-12,4.58,4.5,4.58,4.59,4.61,788
2024-11-13,4.58,4.51,4.57,4.58,4.61,788
2024-11-14,4.57,4.51,4.56,4.57,4.6,800
2024-11-15,4.56,4.51,4.56,4.57,4.6,799
2024-11-18,4.56,4.5,4.56,4.56,4.6,783
2024-11-19,4.56,4.5,4.56,4.56,4.6,780
2024-11-20,4.56,4.5,4.56,4.56,4.6,763
2024-11-21,4.56,4.5,4.56,4.56,4.6,771
2024-11-22,4.56,4.48,4.56,4.56,4.6,773
2024-11-25,4.57,4.5,4.57,4.58,4.61,760
2024-11-26,4.57,4.5,4.57,4.57,4.61,777
2024-11-27,4.56,4.5,4.56,4.57,4.6,753
2024-11-29,4.58,4.5,4.58,4.58,4.62,750
2024-12-02,4.6,4.53,4.6,4.61,4.64,791
2024-12-03,4.6,4.55,4.6,4.61,4.65,798
2024-12-04,4.58,4.5,4.57,4.58,4.65,808
2024-12-05,4.57,4.52,4.57,4.57,4.61,822
2024-12-06,4.58,4.53,4.58,4.59,4.63,809
2024-12-09,4.6,4.5,4.59,4.6,4.64,811
2024-12-10,4.61,4.54,4.61,4.61,4.66,832
2024-12-11,4.6,4.52,4.59,4.6,4.65,820
2024-12-12,4.6,4.52,4.6,4.61,4.66,812
2024-12-13,4.59,4.5,4.59,4.59,4.65,815
2024-12-16,4.61,4.55,4.61,4.61,4.65,818
2024-12-17,4.59,4.5,4.59,4.59,4.7,830
2024-12-18,4.56,4.5,4.56,4.56,4.66,820
2024-12-19,4.26,4.23,4.26,4.27,4.6,827
2024-12-20,4.28,4.1,4.28,4.29,4.35,817
2024-12-23,4.29,4.2,4.29,4.3,4.35,815
2024-12-24,4.39,4.26,4.38,4.39,4.42,825
2024-12-26,4.5,4.0,4.5,4.52,4.56,814
2024-12-27,4.45,4.3,4.44,4.45,4.54,803
2024-12-30,4.35,4.25,4.35,4.36,4.47,798
2024-12-31,4.45,4.25,4.45,4.46,4.5,778
2025-01-02,4.36,4.2,4.35,4.37,4.5,820
2025-01-03,4.29,4.24,4.29,4.3,4.41,821
2025-01-06,4.26,4.23,4.26,4.26,4.32,829
2025-01-07,4.26,4.22,4.26,4.27,4.3,842
2025-01-08,4.27,4.22,4.27,4.28,4.31,798
2025-01-09,4.28,4.23,4.28,4.29,4.31,805
2025-01-10,4.29,4.24,4.29,4.29,4.32,837
2025-01-13,4.28,4.22,4.28,4.28,4.31,837
2025-01-14,4.27,4.2,4.27,4.27,4.31,825
2025-01-15,4.26,4.21,4.26,4.27,4.31,844
2025-01-16,4.27,4.24,4.27,4.28,4.32,864
2025-01-17,4.27,4.22,4.27,4.27,4.31,869
2025-01-21,4.27,4.22,4.27,4.27,4.31,875
2025-01-22,4.28,4.23,4.28,4.29,4.32,865
2025-01-23,4.34,4.26,4.33,4.34,4.36,877
2025-01-24,4.33,4.26,4.32,4.33,4.36,875
2025-01-27,4.32,4.26,4.32,4.33,4.35,868
2025-01-28,4.34,4.27,4.34,4.34,4.36,865
2025-01-29,4.33,4.25,4.32,4.33,4.36,859
2025-01-30,4.34,4.25,4.34,4.35,4.37,870
2025-01-31,4.34,4.25,4.34,4.35,4.37,892
2025-02-03,4.33,4.26,4.33,4.34,4.39,890
2025-02-04,4.31,4.26,4.31,4.32,4.36,894
2025-02-05,4.31,4.26,4.31,4.32,4.34,895
2025-02-06,4.34,4.26,4.34,4.34,4.37,899
2025-02-07,4.34,4.26,4.33,4.34,4.37,901
2025-02-10,4.33,4.25,4.33,4.34,4.37,899
2025-02-11,4.32,4.26,4.32,4.33,4.36,894
2025-02-12,4.31,4.25,4.31,4.31,4.35,902
2025-02-13,4.32,4.26,4.32,4.32,4.35,907
2025-02-14,4.31,4.26,4.31,4.31,4.35,913
2025-02-18,4.34,4.29,4.34,4.35,4.37,913
2025-02-19,4.33,4.26,4.33,4.34,4.38,914
2025-02-20,4.31,4.26,4.31,4.31,4.36,914
2025-02-21,4.32,4.26,4.31,4.32,4.35,906
2025-02-24,4.32,4.26,4.32,4.32,4.35,912
2025-02-25,4.31,4.26,4.3,4.31,4.35,924
2025-02-26,4.31,4.26,4.31,4.32,4.35,929
2025-02-27,4.34,4.25,4.34,4.34,4.36,925
2025-02-28,4.36,4.27,4.36,4.36,4.39,938
2025-03-03,4.31,4.26,4.31,4.31,4.4,930
2025-03-04,4.32,4.26,4.31,4.32,4.34,933
2025-03-05,4.33,4.27,4.32,4.33,4.35,946
2025-03-06,4.34,4.26,4.34,4.34,4.36,951
2025-03-07,4.33,4.26,4.33,4.33,4.36,940
2025-03-10,4.32,4.26,4.32,4.32,4.35,931
2025-03-11,4.31,4.26,4.31,4.31,4.34,947
2025-03-12,4.3,4.25,4.3,4.3,4.33,946
2025-03-13,4.29,4.24,4.29,4.29,4.32,938
2025-03-14,4.29,4.24,4.29,4.29,4.32,933
2025-03-17,4.31,4.26,4.31,4.31,4.34,952
2025-03-18,4.3,4.24,4.3,4.31,4.33,934
2025-03-19,4.28,4.23,4.28,4.29,4.32,920
2025-03-20,4.28,4.23,4.28,4.28,4.32,932
2025-03-21,4.29,4.24,4.29,4.29,4.32,933
2025-03-24,4.3,4.25,4.3,4.3,4.33,926
2025-03-25,4.31,4.27,4.31,4.32,4.35,939
2025-03-26,4.34,4.27,4.34,4.34,4.37,921
2025-03-27,4.34,4.25,4.34,4.34,4.37,926
2025-03-28,4.33,4.26,4.33,4.33,4.37,915
2025-03-31,4.36,4.3,4.36,4.37,4.4,898
2025-04-01,4.35,4.28,4.34,4.35,4.42,936
2025-04-02,4.34,4.27,4.34,4.34,4.4,952
2025-04-03,4.36,4.27,4.36,4.37,4.39,976
2025-04-04,4.33,4.26,4.33,4.34,4.4,968
2025-04-07,4.31,4.26,4.3,4.31,4.36,997
2025-04-08,4.37,4.27,4.37,4.38,4.41,1020
2025-04-09,4.4,4.28,4.4,4.41,4.43,1011
2025-04-10,4.36,4.25,4.36,4.36,4.43,1020
2025-04-11,4.32,4.25,4.32,4.33,4.38,1007
2025-04-14,4.33,4.25,4.32,4.33,4.35,1002
2025-04-15,4.35,4.26,4.35,4.36,4.38,999
2025-04-16,4.3,4.25,4.3,4.3,4.37,1016
2025-04-17,4.31,4.26,4.31,4.31,4.36,1016
2025-04-21,4.32,4.25,4.32,4.32,4.35,987
2025-04-22,4.29,4.24,4.29,4.3,4.33,993
2025-04-23,4.27,4.22,4.27,4.27,4.34,989
2025-04-24,4.28,4.23,4.27,4.28,4.31,1012
2025-04-25,4.32,4.26,4.31,4.32,4.34,1023
2025-04-28,4.35,4.26,4.35,4.36,4.38,1011
2025-04-29,4.35,4.25,4.35,4.35,4.38,1018
2025-04-30,4.37,4.26,4.37,4.37,4.4,1047
2025-05-01,4.35,4.27,4.35,4.35,4.42,1044
2025-05-02,4.33,4.26,4.33,4.34,4.4,1036
2025-05-05,4.31,4.25,4.31,4.31,4.37,1026
2025-05-06,4.31,4.25,4.31,4.31,4.34,1035
2025-05-07,4.29,4.24,4.29,4.29,4.33,1023
2025-05-08,4.28,4.23,4.28,4.28,4.33,1034
2025-05-09,4.27,4.25,4.27,4.27,4.33,1035
2025-05-12,4.27,4.25,4.27,4.27,4.31,1037
2025-05-13,4.29,4.25,4.29,4.29,4.32,1035
2025-05-14,4.28,4.25,4.28,4.28,4.31,1028
2025-05-15,4.3,4.25,4.3,4.3,4.32,1040
2025-05-16,4.29,4.26,4.29,4.29,4.32,1024
2025-05-19,4.28,4.23,4.27,4.28,4.31,1018
2025-05-20,4.26,4.24,4.26,4.27,4.3,1023
2025-05-21,4.26,4.22,4.26,4.26,4.29,1013
2025-05-22,4.26,4.23,4.26,4.26,4.29,1017
2025-05-23,4.26,4.22,4.26,4.26,4.29,1013
2025-05-27,4.3,4.25,4.3,4.3,4.33,1025
2025-05-28,4.32,4.26,4.32,4.32,4.35,1020
2025-05-29,4.32,4.26,4.32,4.32,4.35,1021
2025-05-30,4.34,4.25,4.34,4.34,4.37,1013
2025-06-02,4.32,4.26,4.32,4.32,4.36,1046
2025-06-03,4.3,4.26,4.29,4.3,4.36,1045
2025-06-04,4.27,4.22,4.27,4.27,4.33,1033
2025-06-05,4.27,4.24,4.27,4.27,4.32,1054
2025-06-06,4.27,4.25,4.27,4.27,4.32,1043
2025-06-09,4.27,4.23,4.27,4.28,4.33,1038
2025-06-10,4.27,4.24,4.27,4.27,4.32,1051
2025-06-11,4.27,4.24,4.27,4.27,4.31,1042
2025-06-12,4.27,4.24,4.27,4.27,4.32,1062
2025-06-13,4.27,4.24,4.27,4.27,4.33,1062
2025-06-16,4.3,4.26,4.3,4.3,4.34,1065
2025-06-17,4.29,4.25,4.29,4.29,4.33,1063
2025-06-18,4.27,4.25,4.27,4.27,4.33,1062
2025-06-20,4.27,4.23,4.27,4.27,4.32,1060
2025-06-23,4.27,4.24,4.27,4.28,4.33,1055
2025-06-24,4.28,4.25,4.28,4.28,4.33,1066
2025-06-25,4.33,4.28,4.33,4.33,4.36,1062
2025-06-26,4.38,4.26,4.37,4.38,4.41,1071
2025-06-27,4.37,4.28,4.36,4.37,4.41,1058
2025-06-30,4.39,4.3,4.39,4.39,4.43,1038
2025-07-01,4.39,4.3,4.39,4.39,4.46,1084
2025-07-02,4.37,4.28,4.37,4.37,4.45,1104
2025-07-03,4.32,4.26,4.32,4.32,4.41,1109
2025-07-07,4.31,4.26,4.31,4.32,4.36,1106
2025-07-08,4.32,4.26,4.32,4.32,4.35,1088
2025-07-09,4.31,4.26,4.31,4.31,4.35,1101
2025-07-10,4.3,4.25,4.3,4.3,4.33,1098
2025-07-11,4.3,4.26,4.3,4.3,4.34,1094
2025-07-14,4.32,4.26,4.32,4.32,4.35,1094
2025-07-15,4.36,4.28,4.36,4.36,4.39,1107
2025-07-16,4.33,4.26,4.33,4.34,4.38,1108
2025-07-17,4.33,4.26,4.33,4.33,4.36,1110
2025-07-18,4.29,4.24,4.29,4.29,4.35,1085
2025-07-21,4.27,4.21,4.27,4.27,4.32,1077
2025-07-22,4.27,4.24,4.27,4.27,4.3,1092
2025-07-23,4.27,4.25,4.27,4.27,4.3,1088
2025-07-24,4.29,4.25,4.29,4.29,4.32,1108
2025-07-25,4.35,4.26,4.35,4.35,4.38,1110
2025-07-28,4.35,4.27,4.35,4.35,4.38,1101
2025-07-29,4.34,4.26,4.34,4.35,4.37,1098
2025-07-30,4.31,4.26,4.31,4.31,4.37,1098
2025-07-31,4.36,4.25,4.36,4.36,4.4,1111
2025-08-01,4.32,4.25,4.31,4.32,4.4,1109
2025-08-04,4.31,4.26,4.31,4.32,4.35,1117
2025-08-05,4.33,4.27,4.33,4.33,4.36,1137
2025-08-06,4.32,4.27,4.32,4.32,4.35,1147
2025-08-07,4.33,4.28,4.33,4.33,4.36,1130
2025-08-08,4.33,4.27,4.33,4.33,4.36,1139
2025-08-11,4.33,4.26,4.33,4.33,4.36,1137
2025-08-12,4.34,4.26,4.34,4.35,4.38,1144
2025-08-13,4.32,4.27,4.32,4.32,4.37,1146
2025-08-14,4.32,4.27,4.32,4.32,4.36,1144
2025-08-15,4.34,4.28,4.34,4.34,4.38,1146
2025-08-18,4.33,4.26,4.33,4.33,4.37,1134
2025-08-19,4.31,4.26,4.31,4.31,4.35,1118
2025-08-20,4.3,4.26,4.3,4.3,4.34,1114
2025-08-21,4.31,4.26,4.31,4.31,4.35,1109
2025-08-22,4.35,4.28,4.35,4.35,4.38,1118
2025-08-25,4.35,4.27,4.35,4.36,4.38,1121
2025-08-26,4.37,4.29,4.37,4.37,4.4,1125
2025-08-27,4.35,4.29,4.35,4.35,4.39,1120
2025-08-28,4.33,4.27,4.33,4.33,4.37,1122
2025-08-29,4.33,4.26,4.33,4.33,4.36,1102
2025-09-02,4.36,4.31,4.36,4.36,4.39,1118
2025-09-03,4.36,4.32,4.36,4.36,4.4,1118
2025-09-04,4.38,4.33,4.37,4.38,4.41,1108
2025-09-05,4.4,4.33,4.4,4.4,4.43,1127
2025-09-08,4.39,4.3,4.39,4.39,4.43,1120
2025-09-09,4.38,4.32,4.38,4.38,4.41,1114
2025-09-10,4.37,4.3,4.37,4.37,4.41,1118
2025-09-11,4.38,4.3,4.38,4.38,4.41,1120
2025-09-12,4.4,4.32,4.4,4.4,4.43,1102
2025-09-15,4.5,4.32,4.49,4.5,4.52,1097
2025-09-16,4.36,4.31,4.36,4.36,4.52,1115
2025-09-17,4.35,4.3,4.35,4.35,4.4,1125
2025-09-18,4.11,4.05,4.11,4.11,4.39,1125
2025-09-19,4.11,4.05,4.11,4.12,4.15,1118
2025-09-22,4.11,4.05,4.11,4.12,4.15,1109
2025-09-23,4.09,4.04,4.09,4.1,4.15,1127
2025-09-24,4.12,4.04,4.11,4.12,4.15,1114
2025-09-25,4.17,4.05,4.16,4.17,4.2,1112
2025-09-26,4.14,4.05,4.14,4.14,4.19,1113
2025-09-29,4.12,4.05,4.12,4.12,4.17,1110
2025-09-30,4.2,4.13,4.2,4.2,4.23,1101
2025-10-01,4.16,4.1,4.16,4.16,4.25,1119
2025-10-02,4.17,4.1,4.17,4.17,4.21,1137
2025-10-03,4.16,4.07,4.16,4.16,4.21,1148
2025-10-06,4.13,4.05,4.13,4.13,4.19,1147
2025-10-07,4.12,4.05,4.12,4.12,4.16,1134
2025-10-08,4.09,4.05,4.09,4.1,4.15,1135
2025-10-09,4.1,4.06,4.1,4.1,4.14,1120
2025-10-10,4.12,4.07,4.12,4.12,4.15,1110
2025-10-14,4.16,4.1,4.16,4.17,4.2,1113
2025-10-15,4.25,4.1,4.25,4.25,4.28,1141
2025-10-16,4.25,4.1,4.25,4.26,4.3,1143
2025-10-17,4.16,4.1,4.15,4.16,4.31,1145
2025-10-20,4.12,4.09,4.12,4.13,4.19,1135
2025-10-21,4.21,4.08,4.2,4.21,4.24,1132
2025-10-22,4.18,4.07,4.18,4.18,4.24,1123
2025-10-23,4.21,4.09,4.21,4.21,4.24,1113
2025-10-24,4.21,4.1,4.21,4.21,4.25,1111
2025-10-27,4.24,4.05,4.24,4.24,4.27,1103
2025-10-28,4.28,4.09,4.27,4.28,4.31,1111
2025-10-29,4.24,4.08,4.24,4.24,4.32,1115
2025-10-30,3.99,3.9,3.98,3.99,4.28,1142
2025-10-31,4.15,3.9,4.14,4.15,4.19,1117
2025-11-03,4.09,3.8,4.09,4.09,4.23,1122
2025-11-04,3.98,3.9,3.98,3.98,4.14,1156
2025-11-05,3.88,3.8,3.88,3.88,4.01,1171
2025-11-06,3.89,3.8,3.89,3.9,3.92,1189
2025-11-07,3.89,3.8,3.89,3.9,3.93,1192
2025-11-10,3.93,3.83,3.93,3.93,3.96,1214
2025-11-12,3.95,3.82,3.95,3.95,3.98,1231
2025-11-13,3.97,3.8,3.97,3.97,4.0,1227
2025-11-14,3.92,3.79,3.92,3.92,4.01,1231
2025-11-17,3.96,3.82,3.96,3.97,4.0,1246
2025-11-18,3.9,3.8,3.9,3.9,4.01,1256
2025-11-19,3.87,3.81,3.87,3.87,3.95,1244
2025-11-20,3.86,3.82,3.86,3.86,3.93,1253
2025-11-21,3.9,3.8,3.9,3.9,3.93,1251
2025-11-24,3.93,3.84,3.93,3.93,3.96,1260
2025-11-25,3.97,3.8,3.97,3.97,4.0,1273
2025-11-26,4.02,3.9,4.02,4.02,4.05,1258
2025-11-28,4.08,3.8,4.08,4.08,4.11,1236
2025-12-01,4.07,3.85,4.07,4.08,4.13,1270
2025-12-02,3.96,3.9,3.96,3.97,4.13,1276
2025-12-03,3.9,3.8,3.9,3.9,4.02,1302
2025-12-04,3.87,3.81,3.87,3.88,3.96,1298
2025-12-05,3.9,3.85,3.9,3.9,3.93,1295
2025-12-08,3.93,3.83,3.93,3.93,3.96,1290
2025-12-09,3.9,3.82,3.9,3.9,3.96,1285
2025-12-10,3.87,3.8,3.87,3.87,3.94,1297
2025-12-11,3.62,3.56,3.62,3.62,3.91,1304
2025-12-12,3.65,3.59,3.65,3.65,3.68,1303
2025-12-15,3.73,3.6,3.73,3.73,3.75,1288
2025-12-16,3.64,3.6,3.64,3.65,3.76,1296
2025-12-17,3.66,3.6,3.66,3.66,3.7,1312
2025-12-18,3.63,3.55,3.63,3.63,3.7,1300
2025-12-19,3.63,3.58,3.63,3.64,3.67,1295
2025-12-22,3.66,3.58,3.66,3.66,3.68,1292
2025-12-23,3.64,3.55,3.64,3.64,3.69,1272
2025-12-24,3.64,3.55,3.64,3.65,3.67,1273
2025-12-26,3.74,3.58,3.74,3.74,3.76,1282
2025-12-29,3.75,3.59,3.75,3.76,3.77,1293
2025-12-30,3.69,3.59,3.69,3.7,3.78,1268
2025-12-31,3.82,3.59,3.82,3.83,3.85,1255
2026-01-02,3.7,3.65,3.7,3.71,3.88,1294
2026-01-05,3.66,3.6,3.66,3.66,3.76,1313
2026-01-06,3.62,3.57,3.62,3.62,3.71,1317
2026-01-07,3.62,3.58,3.62,3.62,3.67,1315
2026-01-08,3.61,3.56,3.61,3.61,3.66,1312
2026-01-09,3.61,3.56,3.61,3.62,3.65,1296
2026-01-12,3.62,3.57,3.62,3.62,3.65,1305
2026-01-13,3.63,3.55,3.63,3.63,3.65,1316
2026-01-14,3.62,3.58,3.62,3.62,3.66,1293
2026-01-15,3.63,3.59,3.63,3.63,3.65,1289
2026-01-16,3.62,3.57,3.62,3.62,3.67,1278
2026-01-20,3.61,3.55,3.61,3.61,3.66,1287
2026-01-21,3.61,3.55,3.61,3.61,3.65,1262
2026-01-22,3.62,3.55,3.62,3.62,3.64,1263
2026-01-23,3.64,3.55,3.63,3.64,3.66,1271
2026-01-26,3.65,3.55,3.65,3.65,3.67,1273
2026-01-27,3.64,3.56,3.64,3.65,3.67,1286
2026-01-28,3.62,3.57,3.62,3.62,3.67,1279
2026-01-29,3.63,3.58,3.63,3.64,3.66,1294
2026-01-30,3.66,3.58,3.66,3.67,3.69,1277
2026-02-02,3.66,3.6,3.66,3.66,3.69,1299
2026-02-03,3.66,3.6,3.66,3.66,3.7,1297
2026-02-04,3.63,3.55,3.63,3.63,3.7,1306
2026-02-05,3.63,3.55,3.63,3.63,3.66,1290
2026-02-06,3.62,3.55,3.62,3.62,3.66,1301
2026-02-09,3.61,3.55,3.61,3.61,3.65,1299
2026-02-10,3.63,3.57,3.62,3.63,3.65,1314
2026-02-11,3.62,3.58,3.62,3.63,3.66,1312
2026-02-12,3.63,3.58,3.63,3.64,3.66,1318
2026-02-13,3.64,3.57,3.64,3.64,3.66,1311
2026-02-17,3.67,3.59,3.67,3.68,3.74,1325
2026-02-18,3.72,3.6,3.72,3.72,3.74,1340
2026-02-19,3.64,3.5,3.64,3.64,3.74,1346
2026-02-20,3.64,3.57,3.64,3.64,3.68,1330
2026-02-23,3.64,3.55,3.64,3.64,3.67,1320
2026-02-24,3.65,3.6,3.65,3.65,3.67,1346
2026-02-25,3.65,3.6,3.65,3.65,3.68,1335
2026-02-26,3.65,3.6,3.65,3.65,3.68,1329
2026-02-27,3.66,3.55,3.66,3.67,3.69,1320
2026-03-02,3.69,3.65,3.69,3.7,3.72,1353
2026-03-03,3.67,3.6,3.66,3.67,3.72,1338
2026-03-04,3.65,3.57,3.65,3.65,3.71,1318
2026-03-05,3.63,3.57,3.63,3.64,3.68,1311
2026-03-06,3.62,3.55,3.62,3.63,3.67,1294
2026-03-09,3.63,3.55,3.63,3.63,3.66,1289
2026-03-10,3.61,3.57,3.61,3.62,3.66,1296
2026-03-11,3.62,3.56,3.61,3.62,3.65,1291
2026-03-12,3.63,3.54,3.63,3.63,3.65,1287
2026-03-13,3.63,3.53,3.63,3.63,3.66,1279
2026-03-16,3.67,3.6,3.67,3.68,3.7,1277
2026-03-17,3.62,3.58,3.62,3.62,3.71,1289
2026-03-18,3.6,3.55,3.6,3.6,3.66,1295
2026-03-19,3.6,3.55,3.6,3.6,3.64,1295
2026-03-20,3.6,3.55,3.6,3.6,3.64,1279
2026-03-23,3.6,3.55,3.6,3.6,3.64,1264
2026-03-24,3.6,3.56,3.6,3.61,3.65,1261
2026-03-25,3.63,3.55,3.63,3.63,3.66,1272
2026-03-26,3.63,3.55,3.63,3.64,3.66,1256
2026-03-27,3.62,3.54,3.62,3.62,3.66,1248
2026-03-30,3.62,3.57,3.62,3.62,3.64,1239
2026-03-31,3.66,3.57,3.66,3.66,3.68,1210
2026-04-01,3.62,3.58,3.62,3.63,3.69,1255
2026-04-02,3.63,3.59,3.63,3.64,3.66,1264
2026-04-06,3.63,3.55,3.63,3.63,3.67,1271
2026-04-07,3.61,3.54,3.61,3.61,3.66,1297
2026-04-08,3.58,3.53,3.58,3.58,3.63,1286
2026-04-09,3.54,3.52,3.54,3.55,3.63,1278
2026-04-10,3.59,3.54,3.59,3.6,3.64,1262
2026-04-13,3.61,3.56,3.61,3.61,3.64,1253
2026-04-14,3.64,3.58,3.64,3.64,3.66,1258
2026-04-15,3.7,3.6,3.7,3.7,3.72,1251
2026-04-16,3.64,3.58,3.64,3.65,3.73,1242
2026-04-17,3.62,3.57,3.62,3.62,3.68,1224
2026-04-20,3.6,3.55,3.6,3.61,3.66,1222
2026-04-21,3.61,3.56,3.61,3.61,3.64,1216
2026-04-22,3.62,3.55,3.62,3.62,3.65,1218
2026-04-23,3.63,3.55,3.63,3.63,3.65,1215
2026-04-24,3.65,3.58,3.65,3.65,3.67,1219
2026-04-27,3.65,3.53,3.65,3.65,3.67,1220
2026-04-28,3.62,3.57,3.62,3.62,3.67,1212
2026-04-29,3.61,3.55,3.61,3.61,3.65,1202
2026-04-30,3.64,3.55,3.64,3.64,3.66,1250
2026-05-01,3.63,3.55,3.63,3.63,3.67,1243
2026-05-04,3.61,3.54,3.61,3.61,3.65,1253
2026-05-05,3.6,3.55,3.6,3.6,3.64,1258
2026-05-06,3.6,3.54,3.6,3.6,3.64,1270
2026-05-07,3.58,3.55,3.58,3.58,3.62,1276
2026-05-08,3.58,3.54,3.58,3.58,3.62,1276
2026-05-11,3.58,3.53,3.58,3.58,3.62,1276
2026-05-12,3.58,3.53,3.58,3.58,3.62,1290
2026-05-13,3.58,3.52,3.58,3.58,3.61,1283
2026-05-14,3.55,3.5,3.55,3.56,3.6,1281
2026-05-15,3.53,3.5,3.53,3.53,3.59,1267
2026-05-18,3.52,3.49,3.52,3.52,3.56,1254
2026-05-19,3.51,3.46,3.51,3.51,3.54,1249
2026-05-20,3.5,3.45,3.5,3.51,3.55,1255
2026-05-21,3.51,3.45,3.5,3.51,3.59,1255
2026-05-22,3.53,3.48,3.52,3.53,3.6,1249
2026-05-26,3.61,3.5,3.61,3.61,3.64,1261
2026-05-27,3.62,3.55,3.62,3.62,3.64,1258
2026-05-28,3.6,3.55,3.6,3.6,3.64,1274
2026-05-29,3.61,3.55,3.61,3.62,3.63,1277
2026-06-01,3.63,3.57,3.63,3.64,3.65,1278
2026-06-02,3.6,3.55,3.6,3.61,3.66,1275
2026-06-03,3.59,3.55,3.59,3.59,3.64,1268
2026-06-04,3.59,3.55,3.59,3.59,3.63,1275
2026-06-05,3.61,3.55,3.6,3.61,3.65,1265
2026-06-08,3.61,3.53,3.61,3.61,3.64,1254
2026-06-09,3.59,3.52,3.59,3.59,3.64,1254
2026-06-10,3.57,3.52,3.57,3.57,3.62,1254
2026-06-11,3.58,3.54,3.58,3.59,3.63,1241
2026-06-12,3.63,3.54,3.63,3.64,3.66,1256
2026-06-15,3.67,3.58,3.67,3.67,3.69,1267
2026-06-16,3.61,3.55,3.61,3.61,3.7,1276
2026-06-17,3.61,3.55,3.6,3.61,3.65,1276
2026-06-18,3.6,3.55,3.6,3.6,3.65,1282
2026-06-22,3.59,3.5,3.59,3.6,3.64,1259
2026-06-23,3.6,3.5,3.6,3.6,3.63,1251
2026-06-24,3.61,3.52,3.61,3.61,3.63,1242
2026-06-25,3.62,3.55,3.62,3.62,3.64,1259
2026-06-26,3.6,3.54,3.6,3.6,3.65,1256
2026-06-29,3.6,3.55,3.6,3.61,3.63,1232
2026-06-30,3.64,3.54,3.64,3.64,3.66,1245
2026-07-01,3.63,3.58,3.63,3.63,3.69,1248
2026-07-02,3.62,3.55,3.62,3.62,3.67,1256
2026-07-06,3.61,3.5,3.61,3.61,3.65,1264
2026-07-07,3.6,3.53,3.6,3.6,3.64,1278
2026-07-08,3.57,3.52,3.57,3.57,3.63,1279
2026-07-09,3.51,3.5,3.51,3.51,3.6,1281
2026-07-10,3.52,3.48,3.52,3.52,3.6,1277
2026-07-13,3.58,3.5,3.58,3.58,3.62,1277
2026-07-14,3.62,3.54,3.62,3.62,3.64,1273
2026-07-15,3.62,3.54,3.62,3.63,3.64,1276
2026-07-16,3.59,3.55,3.59,3.6,3.65,1255
2026-07-17,3.56,3.53,3.56,3.56,3.63,1248
2026-07-20,3.54,3.5,3.54,3.55,3.61,1243
2026-07-21,3.58,3.52,3.58,3.59,3.63,1218
2026-07-22,3.6,3.55,3.6,3.6,3.63,1219
2026-07-23,3.62,3.55,3.62,3.62,3.65,1206
2026-07-24,3.62,3.55,3.62,3.62,3.65,1208
2026-07-27,3.62,3.55,3.62,3.62,3.65,1201
2026-07-28,3.64,3.56,3.64,3.65,3.66,1202
2026-07-29,3.64,3.56,3.64,3.64,3.66,1226
2026-07-30,3.63,3.58,3.63,3.64,3.66,1204
2026-07-31,3.64,3.55,3.64,3.65,3.67,1223
2026-08-03,3.63,3.55,3.63,3.63,3.67,1222
2026-08-04,3.64,3.55,3.64,3.64,3.67,1214
2026-08-05,3.63,3.55,3.63,3.63,3.67,1206
2026-08-06,3.63,3.58,3.63,3.63,3.65,1208
2026-08-07,3.6,3.55,3.6,3.6,3.66,1213
2026-08-10,3.61,3.55,3.61,3.61,3.64,1212
2026-08-11,3.63,3.55,3.63,3.63,3.65,1209
2026-08-12,3.6,3.55,3.6,3.61,3.65,1205
2026-08-13,3.6,3.55,3.6,3.6,3.64,1207
2026-08-14,3.6,3.56,3.6,3.6,3.65,1206
2026-08-17,3.64,3.57,3.64,3.64,3.66,1218
